sec_timestamp,pkt_count,total_bytes,avg_pkt_len,datetime
1575605700,23504,2646382,112.59283526208306,2019-12-06 04:15:00
1575605701,24155,2793602,115.65315669633617,2019-12-06 04:15:01
1575605702,24138,2739949,113.5118485375756,2019-12-06 04:15:02
1575605703,25476,2765378,108.54835924006909,2019-12-06 04:15:03
1575605704,23658,2684782,113.4830501310339,2019-12-06 04:15:04
1575605705,23231,2675235,115.15797856312686,2019-12-06 04:15:05
1575605706,23328,2625352,112.54080932784636,2019-12-06 04:15:06
1575605707,22928,2546928,111.08374040474528,2019-12-06 04:15:07
1575605708,24801,2711992,109.35010685053022,2019-12-06 04:15:08
1575605709,23798,2689792,113.02596856878729,2019-12-06 04:15:09
1575605710,24027,2820804,117.40142339867649,2019-12-06 04:15:10
1575605711,24218,2811218,116.07969279048642,2019-12-06 04:15:11
1575605712,23659,2691096,113.74512870366456,2019-12-06 04:15:12
1575605713,25046,2716492,108.4601133913599,2019-12-06 04:15:13
1575605714,23529,2639882,112.19694844659782,2019-12-06 04:15:14
1575605715,23771,2688992,113.12069328172984,2019-12-06 04:15:15
1575605716,24082,2804964,116.47554189851341,2019-12-06 04:15:16
1575605717,23764,2676046,112.60924086854065,2019-12-06 04:15:17
1575605718,25546,2803544,109.74493071322321,2019-12-06 04:15:18
1575605719,24062,2768950,115.07563793533372,2019-12-06 04:15:19
1575605720,24022,2680582,111.58862709183249,2019-12-06 04:15:20
1575605721,24222,2709076,111.8436132441582,2019-12-06 04:15:21
1575605722,24234,2733716,112.80498473219444,2019-12-06 04:15:22
1575605723,26302,2953246,112.28218386434492,2019-12-06 04:15:23
1575605724,23942,2679810,111.92924567705288,2019-12-06 04:15:24
1575605725,24005,2689342,112.0325765465528,2019-12-06 04:15:25
1575605726,24256,2788396,114.95695910290237,2019-12-06 04:15:26
1575605727,23924,2709290,113.24569469988296,2019-12-06 04:15:27
1575605728,25483,2746761,107.7879762979241,2019-12-06 04:15:28
1575605729,24394,2783300,114.09772894974174,2019-12-06 04:15:29
1575605730,24424,2810402,115.06722895512611,2019-12-06 04:15:30
1575605731,23836,2676816,112.30139285114952,2019-12-06 04:15:31
1575605732,24131,2715304,112.52347602668766,2019-12-06 04:15:32
1575605733,25811,2868182,111.12246716516213,2019-12-06 04:15:33
1575605734,23852,2677197,112.24203421096763,2019-12-06 04:15:34
1575605735,24058,2679829,111.39034832488154,2019-12-06 04:15:35
1575605736,24006,2716396,113.15487794717987,2019-12-06 04:15:36
1575605737,24662,2861314,116.02116616657206,2019-12-06 04:15:37
1575605738,25723,2785434,108.28573650040819,2019-12-06 04:15:38
1575605739,24183,2710392,112.07840218335194,2019-12-06 04:15:39
1575605740,24516,2780872,113.43090226790667,2019-12-06 04:15:40
1575605741,24445,2829646,115.7556146451217,2019-12-06 04:15:41
1575605742,23943,2672496,111.61909535145972,2019-12-06 04:15:42
1575605743,25906,2868942,110.7443063383,2019-12-06 04:15:43
1575605744,24028,2750206,114.45838188779757,2019-12-06 04:15:44
1575605745,24042,2665692,110.87646618417769,2019-12-06 04:15:45
1575605746,23966,2678250,111.7520654260202,2019-12-06 04:15:46
1575605747,24298,2749050,113.13894147666474,2019-12-06 04:15:47
1575605748,25969,2881033,110.94123762948131,2019-12-06 04:15:48
1575605749,24551,2785291,113.44918740580832,2019-12-06 04:15:49
1575605750,24263,2766033,114.0021019659564,2019-12-06 04:15:50
1575605751,24239,2732327,112.72441107306408,2019-12-06 04:15:51
1575605752,23868,2663358,111.58697838109603,2019-12-06 04:15:52
1575605753,25350,2747528,108.38374753451677,2019-12-06 04:15:53
1575605754,24559,3087967,125.7366749460483,2019-12-06 04:15:54
1575605755,24261,2764754,113.95878158361155,2019-12-06 04:15:55
1575605756,23970,2739394,114.28427200667501,2019-12-06 04:15:56
1575605757,24674,2851879,115.58235389478804,2019-12-06 04:15:57
1575605758,25600,2785547,108.8104296875,2019-12-06 04:15:58
1575605759,23890,2956132,123.73930514859774,2019-12-06 04:15:59
1575605760,24209,2698659,111.47337766946177,2019-12-06 04:16:00
1575605761,24381,3038166,124.61203396087117,2019-12-06 04:16:01
1575605762,24034,2711656,112.82583007406174,2019-12-06 04:16:02
1575605763,26749,3068653,114.72028860891996,2019-12-06 04:16:03
1575605764,24296,2811056,115.70036219953901,2019-12-06 04:16:04
1575605765,24014,2730006,113.68393437161656,2019-12-06 04:16:05
1575605766,24117,2685263,111.34316042625534,2019-12-06 04:16:06
1575605767,24125,2742313,113.67100518134716,2019-12-06 04:16:07
1575605768,25995,2850285,109.64743219849971,2019-12-06 04:16:08
1575605769,24481,2788628,113.9098893019076,2019-12-06 04:16:09
1575605770,24710,2836597,114.79550789154189,2019-12-06 04:16:10
1575605771,24634,2856002,115.93740358853617,2019-12-06 04:16:11
1575605772,24134,2728942,113.07458357503937,2019-12-06 04:16:12
1575605773,25390,2753130,108.43363528948404,2019-12-06 04:16:13
1575605774,24017,2705309,112.64142066036557,2019-12-06 04:16:14
1575605775,24072,2719430,112.97067131937521,2019-12-06 04:16:15
1575605776,24288,2747472,113.1205533596838,2019-12-06 04:16:16
1575605777,24045,2705036,112.49889789977126,2019-12-06 04:16:17
1575605778,25799,2842748,110.18830187216558,2019-12-06 04:16:18
1575605779,24489,2901948,118.50006125199069,2019-12-06 04:16:19
1575605780,24008,2784060,115.9638453848717,2019-12-06 04:16:20
1575605781,23960,2698932,112.6432387312187,2019-12-06 04:16:21
1575605782,23676,2627009,110.95662274032776,2019-12-06 04:16:22
1575605783,25818,2797190,108.34262917344488,2019-12-06 04:16:23
1575605784,24076,2679666,111.30029905299884,2019-12-06 04:16:24
1575605785,24291,2742784,112.91358939524928,2019-12-06 04:16:25
1575605786,24971,2875844,115.16735413079172,2019-12-06 04:16:26
1575605787,24708,2883772,116.71410069613081,2019-12-06 04:16:27
1575605788,25793,2801740,108.62404528360408,2019-12-06 04:16:28
1575605789,23775,2651765,111.53585699263932,2019-12-06 04:16:29
1575605790,23845,2639306,110.68592996435311,2019-12-06 04:16:30
1575605791,23982,2693180,112.30005837711617,2019-12-06 04:16:31
1575605792,23802,2639968,110.9137047306949,2019-12-06 04:16:32
1575605793,26274,2966098,112.89099489990105,2019-12-06 04:16:33
1575605794,24422,2812604,115.16681680452051,2019-12-06 04:16:34
1575605795,24266,2751402,113.38506552377812,2019-12-06 04:16:35
1575605796,23630,2632080,111.38721963605586,2019-12-06 04:16:36
1575605797,23900,2674884,111.91983263598327,2019-12-06 04:16:37
1575605798,25687,2770099,107.84050297816016,2019-12-06 04:16:38
1575605799,23836,2639928,110.75381775465682,2019-12-06 04:16:39
1575605800,24047,2729002,113.48617291138187,2019-12-06 04:16:40
1575605801,25097,2925944,116.58540861457544,2019-12-06 04:16:41
1575605802,24650,2835794,115.04235294117647,2019-12-06 04:16:42
1575605803,25734,2780876,108.062329991451,2019-12-06 04:16:43
1575605804,23963,2635584,109.98556107332136,2019-12-06 04:16:44
1575605805,23843,2663144,111.69500482321855,2019-12-06 04:16:45
1575605806,23806,2674810,112.35864908006386,2019-12-06 04:16:46
1575605807,24143,2722470,112.76436234105124,2019-12-06 04:16:47
1575605808,26148,2958646,113.14999235123145,2019-12-06 04:16:48
1575605809,24104,2758856,114.45635579156986,2019-12-06 04:16:49
1575605810,23934,2680392,111.99097518174982,2019-12-06 04:16:50
1575605811,24155,2683602,111.09923411302007,2019-12-06 04:16:51
1575605812,23809,2649056,111.26279978159519,2019-12-06 04:16:52
1575605813,25324,2738298,108.1305480966672,2019-12-06 04:16:53
1575605814,24426,2775324,113.62171456644559,2019-12-06 04:16:54
1575605815,24254,2801974,115.52626370907892,2019-12-06 04:16:55
1575605816,24456,2835890,115.95886490022899,2019-12-06 04:16:56
1575605817,24032,2695208,112.15079893475367,2019-12-06 04:16:57
1575605818,25901,2803199,108.22744295587043,2019-12-06 04:16:58
1575605819,23980,2667616,111.24336947456213,2019-12-06 04:16:59
1575605820,23814,2653266,111.41622574955909,2019-12-06 04:17:00
1575605821,23893,2692956,112.70899426610305,2019-12-06 04:17:01
1575605822,24517,2836218,115.68372965697272,2019-12-06 04:17:02
1575605823,26147,2967830,113.50556469193407,2019-12-06 04:17:03
1575605824,24527,3083340,125.71207240999715,2019-12-06 04:17:04
1575605825,24149,2684644,111.16998633483789,2019-12-06 04:17:05
1575605826,23670,2653716,112.11305449936629,2019-12-06 04:17:06
1575605827,24283,2719694,111.99991763785364,2019-12-06 04:17:07
1575605828,25892,2802316,108.23095936968947,2019-12-06 04:17:08
1575605829,24795,3179888,128.24714660213752,2019-12-06 04:17:09
1575605830,24861,2897661,116.55448292506335,2019-12-06 04:17:10
1575605831,24696,3140536,127.16780045351474,2019-12-06 04:17:11
1575605832,23610,2609004,110.50419313850064,2019-12-06 04:17:12
1575605833,25844,2793888,108.1058659650209,2019-12-06 04:17:13
1575605834,24060,2697638,112.12128013300084,2019-12-06 04:17:14
1575605835,23729,2621198,110.4639049264613,2019-12-06 04:17:15
1575605836,23759,2659288,111.92760638073993,2019-12-06 04:17:16
1575605837,24316,2813930,115.72339200526402,2019-12-06 04:17:17
1575605838,25946,2844172,109.61890079395668,2019-12-06 04:17:18
1575605839,24552,2799712,114.03193222548062,2019-12-06 04:17:19
1575605840,24446,2803758,114.69189233412419,2019-12-06 04:17:20
1575605841,24014,2687074,111.89614391604897,2019-12-06 04:17:21
1575605842,23906,2673916,111.8512507320338,2019-12-06 04:17:22
1575605843,25567,2810430,109.92412093714555,2019-12-06 04:17:23
1575605844,24480,2708673,110.64840686274509,2019-12-06 04:17:24
1575605845,24723,2897003,117.17845730696114,2019-12-06 04:17:25
1575605846,24381,2792654,114.54222550346581,2019-12-06 04:17:26
1575605847,23869,2720808,113.9891910008798,2019-12-06 04:17:27
1575605848,23576,2633838,111.71691550729555,2019-12-06 04:17:28
1575605849,25199,2754401,109.30596452240168,2019-12-06 04:17:29
1575605850,23973,2686280,112.05439452717641,2019-12-06 04:17:30
1575605851,24279,2715934,111.86350343918613,2019-12-06 04:17:31
1575605852,24820,2884534,116.21813053988718,2019-12-06 04:17:32
1575605853,24441,2889442,118.22110388281985,2019-12-06 04:17:33
1575605854,25643,2782344,108.50306126428265,2019-12-06 04:17:34
1575605855,24118,2668000,110.62277137407746,2019-12-06 04:17:35
1575605856,23724,2652600,111.81082448153768,2019-12-06 04:17:36
1575605857,23738,2665020,112.2680933524307,2019-12-06 04:17:37
1575605858,24096,2699258,112.02099933598937,2019-12-06 04:17:38
1575605859,26512,2962374,111.7371001810501,2019-12-06 04:17:39
1575605860,24614,2869490,116.57958885187291,2019-12-06 04:17:40
1575605861,24034,2719444,113.14987101606059,2019-12-06 04:17:41
1575605862,24154,2709876,112.19160387513455,2019-12-06 04:17:42
1575605863,23918,2680572,112.07341750982523,2019-12-06 04:17:43
1575605864,25304,2770188,109.47628833386025,2019-12-06 04:17:44
1575605865,23922,2673610,111.76364852437088,2019-12-06 04:17:45
1575605866,24678,2839154,115.04797795607423,2019-12-06 04:17:46
1575605867,24312,2792886,114.87685093780848,2019-12-06 04:17:47
1575605868,24532,2831254,115.41064731778901,2019-12-06 04:17:48
1575605869,25640,2774446,108.20772230889236,2019-12-06 04:17:49
1575605870,23880,2638084,110.47252931323283,2019-12-06 04:17:50
1575605871,23596,2638474,111.81869808442109,2019-12-06 04:17:51
1575605872,23796,2623328,110.24239367961002,2019-12-06 04:17:52
1575605873,23750,2665538,112.23317894736842,2019-12-06 04:17:53
1575605874,26288,2973690,113.1196743761412,2019-12-06 04:17:54
1575605875,25124,2910896,115.86116860372552,2019-12-06 04:17:55
1575605876,23858,2716322,113.8537178304971,2019-12-06 04:17:56
1575605877,23886,2657634,111.26325043958805,2019-12-06 04:17:57
1575605878,23780,2670938,112.31867115222876,2019-12-06 04:17:58
1575605879,25691,2798375,108.92433147794948,2019-12-06 04:17:59
1575605880,24046,2700970,112.32512684022291,2019-12-06 04:18:00
1575605881,25002,2909908,116.38700903927686,2019-12-06 04:18:01
1575605882,24722,2902106,117.3896124908988,2019-12-06 04:18:02
1575605883,24574,2766494,112.57809066493041,2019-12-06 04:18:03
1575605884,25043,2696756,107.68502176256838,2019-12-06 04:18:04
1575605885,24141,2709848,112.25085953357359,2019-12-06 04:18:05
1575605886,24458,2722056,111.29511816174667,2019-12-06 04:18:06
1575605887,23939,2709570,113.1864321817954,2019-12-06 04:18:07
1575605888,24611,2872562,116.71862175450002,2019-12-06 04:18:08
1575605889,26408,2978442,112.78559527415935,2019-12-06 04:18:09
1575605890,23900,2705800,113.2133891213389,2019-12-06 04:18:10
1575605891,24172,2693604,111.43488333609135,2019-12-06 04:18:11
1575605892,23774,2652310,111.5634727012703,2019-12-06 04:18:12
1575605893,24403,2736520,112.13867147481866,2019-12-06 04:18:13
1575605894,26332,3226926,122.54769861765152,2019-12-06 04:18:14
1575605895,24095,2744782,113.91500311267897,2019-12-06 04:18:15
1575605896,24393,2761512,113.20919936047227,2019-12-06 04:18:16
1575605897,24276,2773268,114.23908386884166,2019-12-06 04:18:17
1575605898,23884,2688624,112.57008876235136,2019-12-06 04:18:18
1575605899,25808,3101674,120.18265654060757,2019-12-06 04:18:19
1575605900,23902,2684642,112.31871809890386,2019-12-06 04:18:20
1575605901,24825,3178966,128.05502517623364,2019-12-06 04:18:21
1575605902,24303,2730912,112.36933711887421,2019-12-06 04:18:22
1575605903,24230,2746670,113.35823359471729,2019-12-06 04:18:23
1575605904,26210,2935818,112.011369706219,2019-12-06 04:18:24
1575605905,23862,2680172,112.31967144413713,2019-12-06 04:18:25
1575605906,23926,2682912,112.13374571595753,2019-12-06 04:18:26
1575605907,24272,2703618,111.38834871456822,2019-12-06 04:18:27
1575605908,23776,2665712,112.11776581426649,2019-12-06 04:18:28
1575605909,26385,2948831,111.76164487398142,2019-12-06 04:18:29
1575605910,24476,2792082,114.07427684262134,2019-12-06 04:18:30
1575605911,24131,2706036,112.13940574364925,2019-12-06 04:18:31
1575605912,24063,2754780,114.48198478992644,2019-12-06 04:18:32
1575605913,24052,2727940,113.41842674205887,2019-12-06 04:18:33
1575605914,25410,2757552,108.52231404958678,2019-12-06 04:18:34
1575605915,23801,2635592,110.73450695348934,2019-12-06 04:18:35
1575605916,24269,2803822,115.5310066339775,2019-12-06 04:18:36
1575605917,24612,2789946,113.35714285714286,2019-12-06 04:18:37
1575605918,24106,2717600,112.73541856799137,2019-12-06 04:18:38
1575605919,26040,2916590,112.0042242703533,2019-12-06 04:18:39
1575605920,23968,2713146,113.19868157543391,2019-12-06 04:18:40
1575605921,24164,2700734,111.76684323787453,2019-12-06 04:18:41
1575605922,24444,2797176,114.43200785468827,2019-12-06 04:18:42
1575605923,24277,2767828,114.01029781274457,2019-12-06 04:18:43
1575605924,25187,2727456,108.28824393536348,2019-12-06 04:18:44
1575605925,23844,2687822,112.72529776883073,2019-12-06 04:18:45
1575605926,23867,2761776,115.71525537352831,2019-12-06 04:18:46
1575605927,23981,2708742,112.95367165672825,2019-12-06 04:18:47
1575605928,24250,2711850,111.82886597938145,2019-12-06 04:18:48
1575605929,25737,2875638,111.73167035785056,2019-12-06 04:18:49
1575605930,24235,2721042,112.27736744377965,2019-12-06 04:18:50
1575605931,24301,2705698,111.34101477305461,2019-12-06 04:18:51
1575605932,24052,2665500,110.82238483286213,2019-12-06 04:18:52
1575605933,24594,2852702,115.99178661462145,2019-12-06 04:18:53
1575605934,25652,2800588,109.17620458443785,2019-12-06 04:18:54
1575605935,24258,2763662,113.92785885068844,2019-12-06 04:18:55
1575605936,24186,2746454,113.55552799139998,2019-12-06 04:18:56
1575605937,23990,2683256,111.84893705710712,2019-12-06 04:18:57
1575605938,24216,2691948,111.16402378592666,2019-12-06 04:18:58
1575605939,25824,2817847,109.11737143742255,2019-12-06 04:18:59
1575605940,24233,2771832,114.38253621095201,2019-12-06 04:19:00
1575605941,24528,2827566,115.2791095890411,2019-12-06 04:19:01
1575605942,24708,2831686,114.60603853003076,2019-12-06 04:19:02
1575605943,23530,2622886,111.46986825329367,2019-12-06 04:19:03
1575605944,24982,2702782,108.18917620686895,2019-12-06 04:19:04
1575605945,23974,2665044,111.16392758822057,2019-12-06 04:19:05
1575605946,23940,2672582,111.63667502088555,2019-12-06 04:19:06
1575605947,24235,2709572,111.80408500103157,2019-12-06 04:19:07
1575605948,24116,2743784,113.77442361917399,2019-12-06 04:19:08
1575605949,26535,3028748,114.14162426983229,2019-12-06 04:19:09
1575605950,24064,2738032,113.78125,2019-12-06 04:19:10
1575605951,23847,2682358,112.48198934876504,2019-12-06 04:19:11
1575605952,24420,2750868,112.64815724815725,2019-12-06 04:19:12
1575605953,24023,2685166,111.7747991508138,2019-12-06 04:19:13
1575605954,25609,2814708,109.91089070248741,2019-12-06 04:19:14
1575605955,24382,2799126,114.80296940365844,2019-12-06 04:19:15
1575605956,24098,2847904,118.18009793343846,2019-12-06 04:19:16
1575605957,22927,2587352,112.85174684869368,2019-12-06 04:19:17
1575605958,23700,2667590,112.55654008438819,2019-12-06 04:19:18
1575605959,25604,2822240,110.22652710513982,2019-12-06 04:19:19
1575605960,23746,2647518,111.4932199107218,2019-12-06 04:19:20
1575605961,23856,2664754,111.70162642521798,2019-12-06 04:19:21
1575605962,24096,2693793,111.79419820717132,2019-12-06 04:19:22
1575605963,24994,2902031,116.10910618548452,2019-12-06 04:19:23
1575605964,26297,3287404,125.01060957523671,2019-12-06 04:19:24
1575605965,23923,2685822,112.2694478117293,2019-12-06 04:19:25
1575605966,23817,2629158,110.38997354830583,2019-12-06 04:19:26
1575605967,23966,2687588,112.14170074271885,2019-12-06 04:19:27
1575605968,24376,2729642,111.980718739744,2019-12-06 04:19:28
1575605969,25735,3106349,120.70522634544395,2019-12-06 04:19:29
1575605970,24238,2789708,115.09646010396898,2019-12-06 04:19:30
1575605971,23860,3050872,127.86554903604359,2019-12-06 04:19:31
1575605972,23367,2653754,113.56845123464716,2019-12-06 04:19:32
1575605973,24038,2777530,115.54746651135702,2019-12-06 04:19:33
1575605974,24798,2744604,110.67844180982337,2019-12-06 04:19:34
1575605975,23789,2674994,112.4466770356047,2019-12-06 04:19:35
1575605976,23239,2635686,113.41649812814666,2019-12-06 04:19:36
1575605977,23952,2707829,113.05231295925184,2019-12-06 04:19:37
1575605978,24413,2858451,117.08724859705895,2019-12-06 04:19:38
1575605979,26324,2985594,113.41718583801854,2019-12-06 04:19:39
1575605980,23744,2712213,114.22729952830188,2019-12-06 04:19:40
1575605981,23892,2649600,110.89904570567553,2019-12-06 04:19:41
1575605982,23622,2645060,111.9744306155279,2019-12-06 04:19:42
1575605983,23903,2706338,113.22168765426935,2019-12-06 04:19:43
1575605984,25893,2831127,109.33947398910902,2019-12-06 04:19:44
1575605985,25216,2961050,117.42742703045685,2019-12-06 04:19:45
1575605986,24212,2778780,114.76870973071205,2019-12-06 04:19:46
1575605987,24294,2727070,112.25281962624517,2019-12-06 04:19:47
1575605988,24310,2724020,112.05347593582887,2019-12-06 04:19:48
1575605989,25350,2749282,108.45293885601578,2019-12-06 04:19:49
1575605990,24386,2777900,113.91372098745181,2019-12-06 04:19:50
1575605991,24723,2827347,114.3609998786555,2019-12-06 04:19:51
1575605992,24494,2808210,114.64889360659754,2019-12-06 04:19:52
1575605993,24544,2828144,115.22750977835723,2019-12-06 04:19:53
1575605994,25928,2825292,108.96683122493057,2019-12-06 04:19:54
1575605995,24126,2692378,111.59653485865871,2019-12-06 04:19:55
1575605996,24004,2683100,111.77720379936677,2019-12-06 04:19:56
1575605997,24759,2815270,113.70693485197302,2019-12-06 04:19:57
1575605998,24503,2813924,114.8399787781088,2019-12-06 04:19:58
1575605999,25719,2799305,108.84190676153817,2019-12-06 04:19:59
1575606000,24374,2796976,114.75244112578977,2019-12-06 04:20:00
1575606001,24174,2753790,113.91536361379995,2019-12-06 04:20:01
1575606002,24138,2717526,112.58289833457619,2019-12-06 04:20:02
1575606003,24266,2710824,111.71284925410039,2019-12-06 04:20:03
1575606004,25482,2821950,110.74287732517071,2019-12-06 04:20:04
1575606005,24600,2812046,114.31081300813008,2019-12-06 04:20:05
1575606006,23710,2641210,111.39645719105863,2019-12-06 04:20:06
1575606007,23976,2724464,113.63296629963297,2019-12-06 04:20:07
1575606008,24245,2767863,114.16221901422973,2019-12-06 04:20:08
1575606009,25778,2835828,110.00962060671891,2019-12-06 04:20:09
1575606010,24058,2707808,112.55332945381994,2019-12-06 04:20:10
1575606011,24329,2793042,114.8029923136997,2019-12-06 04:20:11
1575606012,24358,2760894,113.34649807044913,2019-12-06 04:20:12
1575606013,24193,2724104,112.59885090728723,2019-12-06 04:20:13
1575606014,25773,2820694,109.44375897256819,2019-12-06 04:20:14
1575606015,24532,2790552,113.75150823414316,2019-12-06 04:20:15
1575606016,24144,2742644,113.59526176275679,2019-12-06 04:20:16
1575606017,24150,2729916,113.04,2019-12-06 04:20:17
1575606018,24590,2788680,113.40707604717365,2019-12-06 04:20:18
1575606019,26186,2873574,109.73703505690064,2019-12-06 04:20:19
1575606020,23594,2617700,110.9476985674324,2019-12-06 04:20:20
1575606021,24087,2715719,112.74625316560801,2019-12-06 04:20:21
1575606022,24845,2839093,114.27220768766351,2019-12-06 04:20:22
1575606023,24180,2751620,113.79735318444996,2019-12-06 04:20:23
1575606024,25412,2790670,109.81701558318905,2019-12-06 04:20:24
1575606025,24162,2733768,113.14328284082444,2019-12-06 04:20:25
1575606026,24068,2692144,111.85574206415157,2019-12-06 04:20:26
1575606027,24015,2643006,110.05646470955652,2019-12-06 04:20:27
1575606028,24307,2773128,114.08762907804336,2019-12-06 04:20:28
1575606029,25803,2883935,111.76743014378174,2019-12-06 04:20:29
1575606030,24912,2865548,115.02681438664098,2019-12-06 04:20:30
1575606031,24359,2779974,114.12512828933865,2019-12-06 04:20:31
1575606032,23913,2660312,111.24961318111488,2019-12-06 04:20:32
1575606033,24151,2693484,111.52681048403792,2019-12-06 04:20:33
1575606034,25816,3130480,121.26123334366285,2019-12-06 04:20:34
1575606035,24092,2673926,110.98812883944878,2019-12-06 04:20:35
1575606036,24178,2733478,113.05641492265696,2019-12-06 04:20:36
1575606037,24350,2788176,114.5041478439425,2019-12-06 04:20:37
1575606038,24491,2852186,116.45853578865706,2019-12-06 04:20:38
1575606039,25934,3183035,122.73598365080589,2019-12-06 04:20:39
1575606040,24492,2757014,112.56794055201699,2019-12-06 04:20:40
1575606041,24330,3013160,123.84545828195644,2019-12-06 04:20:41
1575606042,23644,2653005,112.20626797496193,2019-12-06 04:20:42
1575606043,24002,2688743,112.02162319806683,2019-12-06 04:20:43
1575606044,25637,2886188,112.57900690408394,2019-12-06 04:20:44
1575606045,24332,2859404,117.5161926680914,2019-12-06 04:20:45
1575606046,23590,2663978,112.92827469266638,2019-12-06 04:20:46
1575606047,23660,2671054,112.89323753169907,2019-12-06 04:20:47
1575606048,23904,2663164,111.41080990629183,2019-12-06 04:20:48
1575606049,25671,2802668,109.1764247594562,2019-12-06 04:20:49
1575606050,24087,2679548,111.2445717607008,2019-12-06 04:20:50
1575606051,24538,2796608,113.97049474284783,2019-12-06 04:20:51
1575606052,24696,2852580,115.50777453838678,2019-12-06 04:20:52
1575606053,24410,2826670,115.79967226546498,2019-12-06 04:20:53
1575606054,25871,2825674,109.22167678095164,2019-12-06 04:20:54
1575606055,24195,2729420,112.80925811118,2019-12-06 04:20:55
1575606056,23778,2651694,111.51879888973001,2019-12-06 04:20:56
1575606057,24426,2746534,112.44305248505691,2019-12-06 04:20:57
1575606058,24143,2690960,111.45922213478026,2019-12-06 04:20:58
1575606059,25997,2921551,112.3803131130515,2019-12-06 04:20:59
1575606060,24451,2789802,114.09766471718947,2019-12-06 04:21:00
1575606061,24218,2781142,114.83780659013956,2019-12-06 04:21:01
1575606062,23838,2666514,111.85980367480494,2019-12-06 04:21:02
1575606063,23974,2660974,110.99416034036874,2019-12-06 04:21:03
1575606064,25246,2744450,108.70831022736274,2019-12-06 04:21:04
1575606065,24098,2686808,111.49506183085734,2019-12-06 04:21:05
1575606066,24314,2758318,113.44566916179978,2019-12-06 04:21:06
1575606067,24440,2849466,116.59026186579378,2019-12-06 04:21:07
1575606068,24270,2798744,115.31701689328389,2019-12-06 04:21:08
1575606069,25500,2756632,108.10321568627451,2019-12-06 04:21:09
1575606070,23806,2653440,111.46097622448123,2019-12-06 04:21:10
1575606071,23934,2668166,111.48015375616278,2019-12-06 04:21:11
1575606072,23980,2686980,112.05087572977482,2019-12-06 04:21:12
1575606073,24082,2744856,113.9795698031725,2019-12-06 04:21:13
1575606074,26256,3008832,114.59597806215722,2019-12-06 04:21:14
1575606075,24506,2822136,115.1610217905819,2019-12-06 04:21:15
1575606076,23794,2674132,112.38682020677481,2019-12-06 04:21:16
1575606077,23872,2650414,111.0260556300268,2019-12-06 04:21:17
1575606078,23986,2695994,112.39864921204035,2019-12-06 04:21:18
1575606079,25576,2773520,108.44228964654363,2019-12-06 04:21:19
1575606080,24054,2715135,112.87665253180344,2019-12-06 04:21:20
1575606081,24343,2800232,115.03232962247874,2019-12-06 04:21:21
1575606082,24658,2864410,116.16554465082326,2019-12-06 04:21:22
1575606083,24179,2708477,112.01774266925845,2019-12-06 04:21:23
1575606084,24760,2701858,109.1218901453958,2019-12-06 04:21:24
1575606085,24231,2697036,111.3051875696422,2019-12-06 04:21:25
1575606086,24028,2696317,112.2156234393208,2019-12-06 04:21:26
1575606087,24458,2835630,115.93875214653693,2019-12-06 04:21:27
1575606088,24432,2747284,112.44613621480026,2019-12-06 04:21:28
1575606089,26062,2857020,109.62397360141202,2019-12-06 04:21:29
1575606090,24360,2810422,115.37036124794746,2019-12-06 04:21:30
1575606091,24144,2705656,112.06328694499669,2019-12-06 04:21:31
1575606092,24063,2654847,110.3290113452188,2019-12-06 04:21:32
1575606093,24104,2723964,113.00879522071025,2019-12-06 04:21:33
1575606094,26036,2915848,111.99293286219081,2019-12-06 04:21:34
1575606095,24101,2715301,112.66341645574873,2019-12-06 04:21:35
1575606096,24183,2709639,112.04726460736882,2019-12-06 04:21:36
1575606097,24431,2797413,114.50259915680897,2019-12-06 04:21:37
1575606098,23894,2705818,113.24257135682598,2019-12-06 04:21:38
1575606099,25828,2796176,108.26142171286975,2019-12-06 04:21:39
1575606100,23377,2595023,111.00752876759208,2019-12-06 04:21:40
1575606101,24361,2751173,112.93350026681992,2019-12-06 04:21:41
1575606102,24496,2798668,114.25,2019-12-06 04:21:42
1575606103,24901,2901020,116.50214850809205,2019-12-06 04:21:43
1575606104,26684,3308102,123.97324239244492,2019-12-06 04:21:44
1575606105,23790,2663872,111.97444304329551,2019-12-06 04:21:45
1575606106,23964,2669382,111.39133700550826,2019-12-06 04:21:46
1575606107,23970,2674122,111.56120150187735,2019-12-06 04:21:47
1575606108,23981,2715182,113.22221758892456,2019-12-06 04:21:48
1575606109,26220,3232278,123.27528604118993,2019-12-06 04:21:49
1575606110,24016,2710894,112.87866422385076,2019-12-06 04:21:50
1575606111,24628,3080114,125.06553516322884,2019-12-06 04:21:51
1575606112,24126,2761680,114.46903755284755,2019-12-06 04:21:52
1575606113,24100,2691986,111.70066390041494,2019-12-06 04:21:53
1575606114,24876,2694490,108.31685158385592,2019-12-06 04:21:54
1575606115,24512,2774178,113.17632180156657,2019-12-06 04:21:55
1575606116,24308,2841004,116.87526740167846,2019-12-06 04:21:56
1575606117,24006,2692042,112.14038157127385,2019-12-06 04:21:57
1575606118,24197,2750836,113.68500227300905,2019-12-06 04:21:58
1575606119,24264,2785483,114.79900263765249,2019-12-06 04:21:59
1575606120,25651,2795286,108.97376320611282,2019-12-06 04:22:00
1575606121,23900,2686502,112.40594142259414,2019-12-06 04:22:01
1575606122,24571,2838520,115.52317772984412,2019-12-06 04:22:02
1575606123,24230,2755136,113.70763516302105,2019-12-06 04:22:03
1575606124,23957,2662946,111.15523646533373,2019-12-06 04:22:04
1575606125,26082,2879898,110.4170692431562,2019-12-06 04:22:05
1575606126,24432,2811608,115.0789129011133,2019-12-06 04:22:06
1575606127,24174,2695960,111.5231240175395,2019-12-06 04:22:07
1575606128,23851,2649862,111.10066663871535,2019-12-06 04:22:08
1575606129,24448,2810954,114.97684882198953,2019-12-06 04:22:09
1575606130,25748,2844046,110.45696753145876,2019-12-06 04:22:10
1575606131,24288,2703854,111.32468708827405,2019-12-06 04:22:11
1575606132,24028,2778414,115.63234559680373,2019-12-06 04:22:12
1575606133,24031,2718347,113.11834713495068,2019-12-06 04:22:13
1575606134,23956,2672572,111.56169644347972,2019-12-06 04:22:14
1575606135,26202,2896354,110.53942447141439,2019-12-06 04:22:15
1575606136,24381,2842216,116.57503793937903,2019-12-06 04:22:16
1575606137,23726,2675014,112.74610132344263,2019-12-06 04:22:17
1575606138,24104,2677134,111.06596415532691,2019-12-06 04:22:18
1575606139,24227,2798215,115.49985553308292,2019-12-06 04:22:19
1575606140,25584,2830590,110.6390712945591,2019-12-06 04:22:20
1575606141,24400,2766758,113.39172131147541,2019-12-06 04:22:21
1575606142,24165,2762271,114.30875232774675,2019-12-06 04:22:22
1575606143,24202,2750046,113.62887364680604,2019-12-06 04:22:23
1575606144,23940,2679496,111.92548036758564,2019-12-06 04:22:24
1575606145,25351,2742893,108.19663918583093,2019-12-06 04:22:25
1575606146,23992,2707604,112.85445148382794,2019-12-06 04:22:26
1575606147,24812,2871014,115.71070449782363,2019-12-06 04:22:27
1575606148,24231,2761147,113.95101316495399,2019-12-06 04:22:28
1575606149,24746,2850120,115.17497777418572,2019-12-06 04:22:29
1575606150,25460,2786132,109.4317360565593,2019-12-06 04:22:30
1575606151,23631,2628461,111.22935973932546,2019-12-06 04:22:31
1575606152,23797,2642354,111.03727360591671,2019-12-06 04:22:32
1575606153,23896,2689578,112.5534817542685,2019-12-06 04:22:33
1575606154,24497,2829851,115.51826754296444,2019-12-06 04:22:34
1575606155,26364,2913734,110.51942042178729,2019-12-06 04:22:35
1575606156,24466,2792638,114.14362789176816,2019-12-06 04:22:36
1575606157,24290,2743380,112.94277480444627,2019-12-06 04:22:37
1575606158,23770,2641616,111.13235170382835,2019-12-06 04:22:38
1575606159,23682,2630116,111.05970779494974,2019-12-06 04:22:39
1575606160,25286,2765660,109.375148303409,2019-12-06 04:22:40
1575606161,24520,2797692,114.0983686786297,2019-12-06 04:22:41
1575606162,25020,2913132,116.43213429256595,2019-12-06 04:22:42
1575606163,24268,2739924,112.90275259601121,2019-12-06 04:22:43
1575606164,24376,2757378,113.11855923859534,2019-12-06 04:22:44
1575606165,25528,2797872,109.60012535255406,2019-12-06 04:22:45
1575606166,23986,2670694,111.34386725589927,2019-12-06 04:22:46
1575606167,23652,2624060,110.94452900388974,2019-12-06 04:22:47
1575606168,23802,2685018,112.80640282329216,2019-12-06 04:22:48
1575606169,24893,2871686,115.36118587554735,2019-12-06 04:22:49
1575606170,26399,2995114,113.45558543884238,2019-12-06 04:22:50
1575606171,24496,2798674,114.25024493794905,2019-12-06 04:22:51
1575606172,23552,2596142,110.23021399456522,2019-12-06 04:22:52
1575606173,23740,2649410,111.6010951979781,2019-12-06 04:22:53
1575606174,24133,3003352,124.45000621555546,2019-12-06 04:22:54
1575606175,25703,2811988,109.40310469594989,2019-12-06 04:22:55
1575606176,24234,2722616,112.34695056532145,2019-12-06 04:22:56
1575606177,24514,2889910,117.88814554948193,2019-12-06 04:22:57
1575606178,24570,2834464,115.36280016280017,2019-12-06 04:22:58
1575606179,24160,2989893,123.75384933774835,2019-12-06 04:22:59
1575606180,25443,2734852,107.48936839209213,2019-12-06 04:23:00
1575606181,24142,2993856,124.01027255405518,2019-12-06 04:23:01
1575606182,23817,2638948,110.8010244783138,2019-12-06 04:23:02
1575606183,24728,2808334,113.568990617923,2019-12-06 04:23:03
1575606184,24229,2784688,114.93202360807297,2019-12-06 04:23:04
1575606185,26180,2944782,112.48212375859434,2019-12-06 04:23:05
1575606186,24270,2749928,113.30564482900701,2019-12-06 04:23:06
1575606187,24121,2684628,111.29837071431533,2019-12-06 04:23:07
1575606188,24131,2704784,112.08752227425303,2019-12-06 04:23:08
1575606189,24163,2734904,113.18561436907669,2019-12-06 04:23:09
1575606190,25949,2865582,110.43130756483872,2019-12-06 04:23:10
1575606191,24885,2968782,119.30006027727546,2019-12-06 04:23:11
1575606192,23933,2707816,113.14152007688129,2019-12-06 04:23:12
1575606193,23582,2623488,111.24959715036893,2019-12-06 04:23:13
1575606194,23739,2668115,112.3937402586461,2019-12-06 04:23:14
1575606195,25311,2767659,109.34609458338272,2019-12-06 04:23:15
1575606196,23925,2647745,110.66854754440962,2019-12-06 04:23:16
1575606197,24314,2752882,113.22209426667763,2019-12-06 04:23:17
1575606198,24732,2913438,117.800339640951,2019-12-06 04:23:18
1575606199,24286,2808612,115.64736885448407,2019-12-06 04:23:19
1575606200,25288,2736268,108.20420752926289,2019-12-06 04:23:20
1575606201,23627,2605287,110.26736360942989,2019-12-06 04:23:21
1575606202,23871,2648411,110.94679736919275,2019-12-06 04:23:22
1575606203,24084,2691892,111.77096827769473,2019-12-06 04:23:23
1575606204,24717,2818743,114.04066027430514,2019-12-06 04:23:24
1575606205,25693,2845234,110.739656715837,2019-12-06 04:23:25
1575606206,24069,2724120,113.17960862520255,2019-12-06 04:23:26
1575606207,23826,2729344,114.55317720137664,2019-12-06 04:23:27
1575606208,24002,2724084,113.49404216315307,2019-12-06 04:23:28
1575606209,23909,2663635,111.40721067380484,2019-12-06 04:23:29
1575606210,25437,2771275,108.94661320124229,2019-12-06 04:23:30
1575606211,25067,2895710,115.518809590298,2019-12-06 04:23:31
1575606212,23917,2676064,111.8896182631601,2019-12-06 04:23:32
1575606213,24072,2707012,112.454802259887,2019-12-06 04:23:33
1575606214,24330,2792846,114.79021783806,2019-12-06 04:23:34
1575606215,25988,2842104,109.36216715407112,2019-12-06 04:23:35
1575606216,23704,2632726,111.06673979075262,2019-12-06 04:23:36
1575606217,24088,2746610,114.02399535038194,2019-12-06 04:23:37
1575606218,24605,2820116,114.61556594188173,2019-12-06 04:23:38
1575606219,23821,2671636,112.1546534570337,2019-12-06 04:23:39
1575606220,25600,2809972,109.76453125,2019-12-06 04:23:40
1575606221,23763,2748768,115.67428355005681,2019-12-06 04:23:41
1575606222,23413,2648940,113.13970870883698,2019-12-06 04:23:42
1575606223,23730,2670094,112.51976401179941,2019-12-06 04:23:43
1575606224,24020,2753808,114.64646128226478,2019-12-06 04:23:44
1575606225,25722,2877428,111.86641785242205,2019-12-06 04:23:45
1575606226,23793,2633465,110.68234354642122,2019-12-06 04:23:46
1575606227,24090,2668676,110.7794105437941,2019-12-06 04:23:47
1575606228,24332,2787070,114.54339963833635,2019-12-06 04:23:48
1575606229,24176,2795960,115.65023163467902,2019-12-06 04:23:49
1575606230,25394,2748496,108.23407104040325,2019-12-06 04:23:50
1575606231,24184,2710468,112.07691035395302,2019-12-06 04:23:51
1575606232,24234,2781186,114.76380292151522,2019-12-06 04:23:52
1575606233,24060,2726944,113.33931837073982,2019-12-06 04:23:53
1575606234,24302,2714842,111.71269854332976,2019-12-06 04:23:54
1575606235,25850,2834592,109.65539651837524,2019-12-06 04:23:55
1575606236,23956,2735280,114.17932876941059,2019-12-06 04:23:56
1575606237,22814,2577710,112.98807749627422,2019-12-06 04:23:57
1575606238,23143,2595762,112.16186319837531,2019-12-06 04:23:58
1575606239,23527,2731987,116.12134993836868,2019-12-06 04:23:59
1575606240,24524,2732920,111.43859076822704,2019-12-06 04:24:00
1575606241,23156,2590086,111.85377439972362,2019-12-06 04:24:01
1575606242,23556,2651564,112.56427237221939,2019-12-06 04:24:02
1575606243,23817,2755236,115.68358735357099,2019-12-06 04:24:03
1575606244,24079,3040522,126.27276880269115,2019-12-06 04:24:04
1575606245,25053,2719472,108.54875663593182,2019-12-06 04:24:05
1575606246,24238,2819102,116.30918392606651,2019-12-06 04:24:06
1575606247,23822,2715094,113.97422550583494,2019-12-06 04:24:07
1575606248,23490,2620398,111.55376756066411,2019-12-06 04:24:08
1575606249,24624,3064120,124.43632228719947,2019-12-06 04:24:09
1575606250,26254,2932096,111.68187704730708,2019-12-06 04:24:10
1575606251,24440,3089642,126.41743044189853,2019-12-06 04:24:11
1575606252,23628,2637252,111.6155408836973,2019-12-06 04:24:12
1575606253,25210,2915016,115.6293534311781,2019-12-06 04:24:13
1575606254,24194,2729110,112.80110771265603,2019-12-06 04:24:14
1575606255,25405,2761800,108.71088368431411,2019-12-06 04:24:15
1575606256,23711,2641983,111.42436000168698,2019-12-06 04:24:16
1575606257,24008,2707820,112.78823725424859,2019-12-06 04:24:17
1575606258,24336,2757331,113.30255588428665,2019-12-06 04:24:18
1575606259,24498,2840144,115.93370887419381,2019-12-06 04:24:19
1575606260,26150,2895580,110.72963671128107,2019-12-06 04:24:20
1575606261,23772,2666158,112.15539289920915,2019-12-06 04:24:21
1575606262,24122,2689060,111.47748942873726,2019-12-06 04:24:22
1575606263,23706,2670414,112.64717792963806,2019-12-06 04:24:23
1575606264,23920,2690424,112.47591973244147,2019-12-06 04:24:24
1575606265,26040,2916940,112.01766513056836,2019-12-06 04:24:25
1575606266,23986,2773546,115.63186859001084,2019-12-06 04:24:26
1575606267,24366,2766314,113.53172453418698,2019-12-06 04:24:27
1575606268,23722,2627100,110.74529972177726,2019-12-06 04:24:28
1575606269,23866,2649203,111.00322634710467,2019-12-06 04:24:29
1575606270,25401,2750034,108.26479272469588,2019-12-06 04:24:30
1575606271,23946,2667434,111.3937192015368,2019-12-06 04:24:31
1575606272,24438,2823184,115.5243473279319,2019-12-06 04:24:32
1575606273,25021,2908110,116.22676951360857,2019-12-06 04:24:33
1575606274,24223,2761050,113.98464269495933,2019-12-06 04:24:34
1575606275,25950,2789286,107.48693641618497,2019-12-06 04:24:35
1575606276,23831,2661412,111.67856992992321,2019-12-06 04:24:36
1575606277,23799,2676390,112.4580864742216,2019-12-06 04:24:37
1575606278,24452,2748208,112.39195157860297,2019-12-06 04:24:38
1575606279,24322,2778274,114.22884631198092,2019-12-06 04:24:39
1575606280,26035,2924554,112.33163049740733,2019-12-06 04:24:40
1575606281,24457,2854300,116.70687328781126,2019-12-06 04:24:41
1575606282,23950,2645046,110.44033402922756,2019-12-06 04:24:42
1575606283,23952,2669354,111.44597528390113,2019-12-06 04:24:43
1575606284,23436,2637086,112.52287079706434,2019-12-06 04:24:44
1575606285,25904,2830760,109.27887584928969,2019-12-06 04:24:45
1575606286,24137,2684001,111.19861623234038,2019-12-06 04:24:46
1575606287,24683,2909965,117.89348944617753,2019-12-06 04:24:47
1575606288,24416,2840886,116.35345674967235,2019-12-06 04:24:48
1575606289,24002,2685174,111.872927256062,2019-12-06 04:24:49
1575606290,25712,2797648,108.8070939639079,2019-12-06 04:24:50
1575606291,24184,2717956,112.38653655309295,2019-12-06 04:24:51
1575606292,23549,2626154,111.51870567752346,2019-12-06 04:24:52
1575606293,24292,2744990,112.99975300510457,2019-12-06 04:24:53
1575606294,24536,2848376,116.08966416693838,2019-12-06 04:24:54
1575606295,26104,2913686,111.61837266319338,2019-12-06 04:24:55
1575606296,24280,2763002,113.79744645799012,2019-12-06 04:24:56
1575606297,23992,2686554,111.9770756918973,2019-12-06 04:24:57
1575606298,23838,2662380,111.68638308582935,2019-12-06 04:24:58
1575606299,24280,2703763,111.3576194398682,2019-12-06 04:24:59
1575606300,25427,2764716,108.73150587957683,2019-12-06 04:25:00
1575606301,24477,2824142,115.37941741226457,2019-12-06 04:25:01
1575606302,24642,2850990,115.6963720477234,2019-12-06 04:25:02
1575606303,24721,2846898,115.16111807774766,2019-12-06 04:25:03
1575606304,23690,2651264,111.91490080202617,2019-12-06 04:25:04
1575606305,25235,2735656,108.40721220527045,2019-12-06 04:25:05
1575606306,23941,2667260,111.40971555072888,2019-12-06 04:25:06
1575606307,24071,2688556,111.69274230401729,2019-12-06 04:25:07
1575606308,24129,2790758,115.65991131004186,2019-12-06 04:25:08
1575606309,24354,2827412,116.09641126714297,2019-12-06 04:25:09
1575606310,25200,2815736,111.73555555555555,2019-12-06 04:25:10
1575606311,23805,2675300,112.3839529510607,2019-12-06 04:25:11
1575606312,23574,2620982,111.181046916094,2019-12-06 04:25:12
1575606313,23856,2680728,112.37122736418512,2019-12-06 04:25:13
1575606314,24553,3051886,124.29788620535169,2019-12-06 04:25:14
1575606315,26417,2911040,110.19570730968694,2019-12-06 04:25:15
1575606316,25071,2929836,116.8615531889434,2019-12-06 04:25:16
1575606317,24518,2826270,115.27326861897382,2019-12-06 04:25:17
1575606318,24036,2667308,110.97137626892994,2019-12-06 04:25:18
1575606319,24382,3040928,124.72020342875892,2019-12-06 04:25:19
1575606320,25829,2819890,109.17534554183283,2019-12-06 04:25:20
1575606321,24386,3056566,125.34101533666858,2019-12-06 04:25:21
1575606322,24333,2745194,112.81773722927711,2019-12-06 04:25:22
1575606323,24629,2841268,115.36270250517683,2019-12-06 04:25:23
1575606324,24298,2824390,116.23960819820562,2019-12-06 04:25:24
1575606325,26008,2894038,111.27491541064288,2019-12-06 04:25:25
1575606326,23468,2613384,111.3594682120334,2019-12-06 04:25:26
1575606327,23960,2672376,111.53489148580968,2019-12-06 04:25:27
1575606328,23788,2663052,111.94938624516563,2019-12-06 04:25:28
1575606329,23907,2697567,112.83586397289497,2019-12-06 04:25:29
1575606330,26310,2953666,112.2640060813379,2019-12-06 04:25:30
1575606331,24642,2885214,117.08522035549062,2019-12-06 04:25:31
1575606332,24372,2736140,112.26571475463646,2019-12-06 04:25:32
1575606333,23528,2622526,111.46404284257055,2019-12-06 04:25:33
1575606334,23962,2676208,111.68550204490444,2019-12-06 04:25:34
1575606335,25532,2775666,108.71322262259126,2019-12-06 04:25:35
1575606336,24432,2773450,113.51710870988867,2019-12-06 04:25:36
1575606337,24724,2829204,114.43148357870895,2019-12-06 04:25:37
1575606338,24528,2849432,116.17058056099152,2019-12-06 04:25:38
1575606339,24416,2749000,112.59010484927916,2019-12-06 04:25:39
1575606340,25376,2746348,108.22619798234552,2019-12-06 04:25:40
1575606341,23936,2656300,110.97510026737967,2019-12-06 04:25:41
1575606342,23922,2660320,111.20809296881532,2019-12-06 04:25:42
1575606343,23828,2682164,112.56353869397347,2019-12-06 04:25:43
1575606344,24458,2802118,114.56856652220132,2019-12-06 04:25:44
1575606345,26442,2990788,113.10748052340973,2019-12-06 04:25:45
1575606346,24392,2764398,113.3321580846179,2019-12-06 04:25:46
1575606347,24120,2692952,111.64809286898839,2019-12-06 04:25:47
1575606348,23770,2645598,111.29987379049221,2019-12-06 04:25:48
1575606349,23698,2637244,111.28550932568149,2019-12-06 04:25:49
1575606350,26189,2849386,108.80087059452441,2019-12-06 04:25:50
1575606351,24277,2753940,113.43823371915805,2019-12-06 04:25:51
1575606352,24886,2907682,116.84007072249457,2019-12-06 04:25:52
1575606353,24618,2855634,115.99780648306117,2019-12-06 04:25:53
1575606354,23740,2641914,111.28534119629317,2019-12-06 04:25:54
1575606355,25892,2810502,108.54711880117411,2019-12-06 04:25:55
1575606356,24158,2720432,112.60998427022105,2019-12-06 04:25:56
1575606357,23840,2661122,111.62424496644296,2019-12-06 04:25:57
1575606358,24656,2816710,114.24034717715769,2019-12-06 04:25:58
1575606359,24243,2762145,113.9357752753372,2019-12-06 04:25:59
1575606360,26032,2913906,111.93554087277197,2019-12-06 04:26:00
1575606361,23892,2701144,113.056420559183,2019-12-06 04:26:01
1575606362,23942,2685166,112.15295296967672,2019-12-06 04:26:02
1575606363,23994,2671584,111.34383595898974,2019-12-06 04:26:03
1575606364,23480,2604074,110.90604770017036,2019-12-06 04:26:04
1575606365,25596,2809820,109.77574621034536,2019-12-06 04:26:05
1575606366,24140,2731776,113.16387738193869,2019-12-06 04:26:06
1575606367,24045,2749580,114.35142441255978,2019-12-06 04:26:07
1575606368,24813,2884548,116.25148107846694,2019-12-06 04:26:08
1575606369,24170,2719112,112.49946214315267,2019-12-06 04:26:09
1575606370,25610,2764714,107.95447090980086,2019-12-06 04:26:10
1575606371,23848,2670990,112.00058705132506,2019-12-06 04:26:11
1575606372,24122,2718224,112.68651023961529,2019-12-06 04:26:12
1575606373,23680,2735936,115.53783783783784,2019-12-06 04:26:13
1575606374,24550,2787898,113.56,2019-12-06 04:26:14
1575606375,26281,2953934,112.39808226475401,2019-12-06 04:26:15
1575606376,24415,2788390,114.20806881015768,2019-12-06 04:26:16
1575606377,23669,2633776,111.27533905107947,2019-12-06 04:26:17
1575606378,23758,2640056,111.12282178634565,2019-12-06 04:26:18
1575606379,24058,2682502,111.50145481752432,2019-12-06 04:26:19
1575606380,25542,2781026,108.88051053167332,2019-12-06 04:26:20
1575606381,24882,2875488,115.56498673740053,2019-12-06 04:26:21
1575606382,24394,2794402,114.55284086250717,2019-12-06 04:26:22
1575606383,24601,2823640,114.77744807121661,2019-12-06 04:26:23
1575606384,24313,3016850,124.08382346892608,2019-12-06 04:26:24
1575606385,25602,2789998,108.97578314194203,2019-12-06 04:26:25
1575606386,23732,2639486,111.2205460980954,2019-12-06 04:26:26
1575606387,24058,2693438,111.95602294455067,2019-12-06 04:26:27
1575606388,24590,2819842,114.67433916226108,2019-12-06 04:26:28
1575606389,25082,3245947,129.41340403476596,2019-12-06 04:26:29
1575606390,26306,2904114,110.39739983273778,2019-12-06 04:26:30
1575606391,24159,3007014,124.46765180678008,2019-12-06 04:26:31
1575606392,23886,2664252,111.54031650339111,2019-12-06 04:26:32
1575606393,23834,2654200,111.3619199462952,2019-12-06 04:26:33
1575606394,24172,2721486,112.58836670527883,2019-12-06 04:26:34
1575606395,26010,2870670,110.3679354094579,2019-12-06 04:26:35
1575606396,24676,2843094,115.21697195655697,2019-12-06 04:26:36
1575606397,24268,2802370,115.47593538816548,2019-12-06 04:26:37
1575606398,23980,2664660,111.12010008340283,2019-12-06 04:26:38
1575606399,23850,2656990,111.4041928721174,2019-12-06 04:26:39
1575606400,25464,2760866,108.42232170907948,2019-12-06 04:26:40
1575606401,23668,2636880,111.41118810207875,2019-12-06 04:26:41
1575606402,24831,2851238,114.82574201602836,2019-12-06 04:26:42
1575606403,24785,2885228,116.41024813395198,2019-12-06 04:26:43
1575606404,24067,2743973,114.01391947479952,2019-12-06 04:26:44
1575606405,25817,2793169,108.19107564782895,2019-12-06 04:26:45
1575606406,24045,2690162,111.88030775629029,2019-12-06 04:26:46
1575606407,24139,2701411,111.91064252868802,2019-12-06 04:26:47
1575606408,23634,2634844,111.48531776254549,2019-12-06 04:26:48
1575606409,23938,2738582,114.40312473890884,2019-12-06 04:26:49
1575606410,26060,2877682,110.42524942440522,2019-12-06 04:26:50
1575606411,24967,2930619,117.37970120559137,2019-12-06 04:26:51
1575606412,24484,2784394,113.72300277732397,2019-12-06 04:26:52
1575606413,24160,2712628,112.27764900662251,2019-12-06 04:26:53
1575606414,24177,2677672,110.75286429250941,2019-12-06 04:26:54
1575606415,25619,2792338,108.99480854053633,2019-12-06 04:26:55
1575606416,23675,2620886,110.70268215417107,2019-12-06 04:26:56
1575606417,23936,2727486,113.94911430481284,2019-12-06 04:26:57
1575606418,24432,2820998,115.46324492468894,2019-12-06 04:26:58
1575606419,24323,2856536,117.44176294042676,2019-12-06 04:26:59
1575606420,25657,2796562,108.9980122383755,2019-12-06 04:27:00
1575606421,24439,2770934,113.38164409345718,2019-12-06 04:27:01
1575606422,23913,2684660,112.26780412328023,2019-12-06 04:27:02
1575606423,23872,2692140,112.77396112600536,2019-12-06 04:27:03
1575606424,24254,2730836,112.59322173662076,2019-12-06 04:27:04
1575606425,26032,2896212,111.25583896742471,2019-12-06 04:27:05
1575606426,24498,2794768,114.08147603886032,2019-12-06 04:27:06
1575606427,24452,2811786,114.9920660886635,2019-12-06 04:27:07
1575606428,24082,2683752,111.44223901669297,2019-12-06 04:27:08
1575606429,24168,2737010,113.24933796756041,2019-12-06 04:27:09
1575606430,25570,2787904,109.03026984747751,2019-12-06 04:27:10
1575606431,23844,2665334,111.78216742157356,2019-12-06 04:27:11
1575606432,24448,2763634,113.04131217277487,2019-12-06 04:27:12
1575606433,24158,2753040,113.95976488119878,2019-12-06 04:27:13
1575606434,24594,2844830,115.67170854680003,2019-12-06 04:27:14
1575606435,26251,2921985,111.30947392480286,2019-12-06 04:27:15
1575606436,23930,2646946,110.61203510238195,2019-12-06 04:27:16
1575606437,23651,2631388,111.25905881358082,2019-12-06 04:27:17
1575606438,23642,2655690,112.32932915996955,2019-12-06 04:27:18
1575606439,24026,2693286,112.09880962290852,2019-12-06 04:27:19
1575606440,26096,2871772,110.04644389944819,2019-12-06 04:27:20
1575606441,24970,2970044,118.94449339207048,2019-12-06 04:27:21
1575606442,24600,2802560,113.92520325203252,2019-12-06 04:27:22
1575606443,23418,2597290,110.90998377316595,2019-12-06 04:27:23
1575606444,23578,2632302,111.6422936635847,2019-12-06 04:27:24
1575606445,25608,2818496,110.06310527960012,2019-12-06 04:27:25
1575606446,24646,2776982,112.6747545240607,2019-12-06 04:27:26
1575606447,24014,2774132,115.52144582326976,2019-12-06 04:27:27
1575606448,24816,2939072,118.43455834945196,2019-12-06 04:27:28
1575606449,24619,2799957,113.73154880376944,2019-12-06 04:27:29
1575606450,24380,2690252,110.34667760459394,2019-12-06 04:27:30
1575606451,25232,2771464,109.83925174381737,2019-12-06 04:27:31
1575606452,24000,2677348,111.55616666666667,2019-12-06 04:27:32
1575606453,24213,2754324,113.7539338371949,2019-12-06 04:27:33
1575606454,25000,3183302,127.33208,2019-12-06 04:27:34
1575606455,24340,2806066,115.28619556285949,2019-12-06 04:27:35
1575606456,25957,2829284,108.9988827676542,2019-12-06 04:27:36
1575606457,23891,2665242,111.55841111715709,2019-12-06 04:27:37
1575606458,23570,2611980,110.81798896902842,2019-12-06 04:27:38
1575606459,24075,3008510,124.96407061266875,2019-12-06 04:27:39
1575606460,24569,2815498,114.59554723431967,2019-12-06 04:27:40
1575606461,25799,3164574,122.66266134346293,2019-12-06 04:27:41
1575606462,23994,2882596,120.13820121697091,2019-12-06 04:27:42
1575606463,24541,2794784,113.88223788761664,2019-12-06 04:27:43
1575606464,24127,2714706,112.51734571227256,2019-12-06 04:27:44
1575606465,24288,2763706,113.78894927536231,2019-12-06 04:27:45
1575606466,25360,2741602,108.10733438485805,2019-12-06 04:27:46
1575606467,24908,2874175,115.39164123976232,2019-12-06 04:27:47
1575606468,24240,2772728,114.38646864686469,2019-12-06 04:27:48
1575606469,23631,2636394,111.56506284118319,2019-12-06 04:27:49
1575606470,24236,2706334,111.66586895527315,2019-12-06 04:27:50
1575606471,25771,2885450,111.96499941795041,2019-12-06 04:27:51
1575606472,23875,2711262,113.56071204188481,2019-12-06 04:27:52
1575606473,24113,2731809,113.29195869448016,2019-12-06 04:27:53
1575606474,24140,2767836,114.65766362883181,2019-12-06 04:27:54
1575606475,23990,2721408,113.43926636098374,2019-12-06 04:27:55
1575606476,25543,2759777,108.04435657518694,2019-12-06 04:27:56
1575606477,23884,2671376,111.84793166973706,2019-12-06 04:27:57
1575606478,24176,2757572,114.06237590999338,2019-12-06 04:27:58
1575606479,24410,2783948,114.04948791478903,2019-12-06 04:27:59
1575606480,24302,2788322,114.73631799851864,2019-12-06 04:28:00
1575606481,25696,2835888,110.36301369863014,2019-12-06 04:28:01
1575606482,24011,2691327,112.08725167631502,2019-12-06 04:28:02
1575606483,23833,2649586,111.17299542650946,2019-12-06 04:28:03
1575606484,23773,2654916,111.67778572329954,2019-12-06 04:28:04
1575606485,23614,2719073,115.14665029219954,2019-12-06 04:28:05
1575606486,25464,2840018,111.53071002199184,2019-12-06 04:28:06
1575606487,24041,2795990,116.30090262468283,2019-12-06 04:28:07
1575606488,23901,2735409,114.44747081712062,2019-12-06 04:28:08
1575606489,23318,2594026,111.24564713954885,2019-12-06 04:28:09
1575606490,23642,2629666,111.22857626258354,2019-12-06 04:28:10
1575606491,25610,2785570,108.76884029675908,2019-12-06 04:28:11
1575606492,23572,2642630,112.10885796707959,2019-12-06 04:28:12
1575606493,24519,2835258,115.6351400954362,2019-12-06 04:28:13
1575606494,24073,2709334,112.54658746313297,2019-12-06 04:28:14
1575606495,24172,2719004,112.4856859175906,2019-12-06 04:28:15
1575606496,26170,2946460,112.58922430263661,2019-12-06 04:28:16
1575606497,24230,2720940,112.29632686751961,2019-12-06 04:28:17
1575606498,24172,2695542,111.51505874565613,2019-12-06 04:28:18
1575606499,23438,2594120,110.68009215803396,2019-12-06 04:28:19
1575606500,24144,2741866,113.56303843605036,2019-12-06 04:28:20
1575606501,26076,2939926,112.74451603006597,2019-12-06 04:28:21
1575606502,24386,2777402,113.89329943410154,2019-12-06 04:28:22
1575606503,23711,2735182,115.35498291932015,2019-12-06 04:28:23
1575606504,23057,2614662,113.39992193260181,2019-12-06 04:28:24
1575606505,23109,2601180,112.56133973776451,2019-12-06 04:28:25
1575606506,24201,2636500,108.94177926531961,2019-12-06 04:28:26
1575606507,23529,2656500,112.90322580645162,2019-12-06 04:28:27
1575606508,24209,2822350,116.58267586434798,2019-12-06 04:28:28
1575606509,24114,2827049,117.23683337480301,2019-12-06 04:28:29
1575606510,23989,2698024,112.46921505690108,2019-12-06 04:28:30
1575606511,25376,2762242,108.85253783102144,2019-12-06 04:28:31
1575606512,23857,2671490,111.97929328918137,2019-12-06 04:28:32
1575606513,24003,2717230,113.20376619589219,2019-12-06 04:28:33
1575606514,24252,2759534,113.78583209632195,2019-12-06 04:28:34
1575606515,24165,2814925,116.48768880612457,2019-12-06 04:28:35
1575606516,25929,2885609,111.2888657487755,2019-12-06 04:28:36
1575606517,24260,2757412,113.66084089035449,2019-12-06 04:28:37
1575606518,23670,2638030,111.4503591043515,2019-12-06 04:28:38
1575606519,23974,2663110,111.08325686160006,2019-12-06 04:28:39
1575606520,24158,2760048,114.24985512045698,2019-12-06 04:28:40
1575606521,25792,2852436,110.59382754342431,2019-12-06 04:28:41
1575606522,24130,2731486,113.19875673435557,2019-12-06 04:28:42
1575606523,25064,2901460,115.76204915416534,2019-12-06 04:28:43
1575606524,24371,3083754,126.53374912806204,2019-12-06 04:28:44
1575606525,23993,2691870,112.19397324219564,2019-12-06 04:28:45
1575606526,25901,2813220,108.61433921470214,2019-12-06 04:28:46
1575606527,23954,2730326,113.9820489271103,2019-12-06 04:28:47
1575606528,24374,2771394,113.70288011815869,2019-12-06 04:28:48
1575606529,23750,2950494,124.23132631578947,2019-12-06 04:28:49
1575606530,24254,2739678,112.95778015997361,2019-12-06 04:28:50
1575606531,26435,3275555,123.90977870247778,2019-12-06 04:28:51
1575606532,24415,2769929,113.45193528568502,2019-12-06 04:28:52
1575606533,24817,2845793,114.67111254382077,2019-12-06 04:28:53
1575606534,24165,2742767,113.50163459548935,2019-12-06 04:28:54
1575606535,23739,2666108,112.30919583807237,2019-12-06 04:28:55
1575606536,25696,2788408,108.51525529265255,2019-12-06 04:28:56
1575606537,23851,2679397,112.33897949771499,2019-12-06 04:28:57
1575606538,24253,2728708,112.51012245907722,2019-12-06 04:28:58
1575606539,24867,2919361,117.39900269433386,2019-12-06 04:28:59
1575606540,24604,2829481,115.00085351975288,2019-12-06 04:29:00
1575606541,25548,2791208,109.25348363864099,2019-12-06 04:29:01
1575606542,23956,2675580,111.6872599766238,2019-12-06 04:29:02
1575606543,23680,2658073,112.2497043918919,2019-12-06 04:29:03
1575606544,24199,2715032,112.19604115872556,2019-12-06 04:29:04
1575606545,24906,2901920,116.51489600899382,2019-12-06 04:29:05
1575606546,26029,2947571,113.2418072150294,2019-12-06 04:29:06
1575606547,24818,2812050,113.30687404303328,2019-12-06 04:29:07
1575606548,23855,2634128,110.42246908404947,2019-12-06 04:29:08
1575606549,23310,2626874,112.6930072930073,2019-12-06 04:29:09
1575606550,23949,2688868,112.27475051150361,2019-12-06 04:29:10
1575606551,25445,2770660,108.88819021418746,2019-12-06 04:29:11
1575606552,25169,2944896,117.00488696412253,2019-12-06 04:29:12
1575606553,24389,2843612,116.5940382959531,2019-12-06 04:29:13
1575606554,23924,2673354,111.74360474836983,2019-12-06 04:29:14
1575606555,24249,2690808,110.96573054558951,2019-12-06 04:29:15
1575606556,25140,2746490,109.2478122513922,2019-12-06 04:29:16
1575606557,24345,2780248,114.20201273362086,2019-12-06 04:29:17
1575606558,24159,2729458,112.97893124715426,2019-12-06 04:29:18
1575606559,24584,2859768,116.3263911487146,2019-12-06 04:29:19
1575606560,24988,2934298,117.42828557707699,2019-12-06 04:29:20
1575606561,25896,2835020,109.47713932653691,2019-12-06 04:29:21
1575606562,24059,2689498,111.78760546988653,2019-12-06 04:29:22
1575606563,23958,2666042,111.27982302362467,2019-12-06 04:29:23
1575606564,23622,2652746,112.2998052662772,2019-12-06 04:29:24
1575606565,24202,2783900,115.02768366250723,2019-12-06 04:29:25
1575606566,26172,2914526,111.36046156197463,2019-12-06 04:29:26
1575606567,23822,2668936,112.03660481907481,2019-12-06 04:29:27
1575606568,24236,2736312,112.90278923914838,2019-12-06 04:29:28
1575606569,24423,2816213,115.30987184211604,2019-12-06 04:29:29
1575606570,24305,2734140,112.49290269491874,2019-12-06 04:29:30
1575606571,25870,2836610,109.6486277541554,2019-12-06 04:29:31
1575606572,24320,2793104,114.84802631578947,2019-12-06 04:29:32
1575606573,23723,2669474,112.52683050204443,2019-12-06 04:29:33
1575606574,23672,2659768,112.35924298749578,2019-12-06 04:29:34
1575606575,23556,2668540,113.28493802003736,2019-12-06 04:29:35
1575606576,26004,2918772,112.24319335486848,2019-12-06 04:29:36
1575606577,24531,2775680,113.14989197342139,2019-12-06 04:29:37
1575606578,24358,2771766,113.79284013465802,2019-12-06 04:29:38
1575606579,24351,2773732,113.90628721613075,2019-12-06 04:29:39
1575606580,24128,2692220,111.58073607427056,2019-12-06 04:29:40
1575606581,25728,2804000,108.9863184079602,2019-12-06 04:29:41
1575606582,24436,2732394,111.81838271402849,2019-12-06 04:29:42
1575606583,24842,2848866,114.6794138958216,2019-12-06 04:29:43
1575606584,24266,2777268,114.45100140113739,2019-12-06 04:29:44
1575606585,24426,2812390,115.13919593875379,2019-12-06 04:29:45
1575606586,25784,2794422,108.37814148309029,2019-12-06 04:29:46
1575606587,24128,2663446,110.38817970822281,2019-12-06 04:29:47
1575606588,23936,2682244,112.05899064171123,2019-12-06 04:29:48
1575606589,23832,2662536,111.72104733131924,2019-12-06 04:29:49
1575606590,24436,2788008,114.09428711736781,2019-12-06 04:29:50
1575606591,26676,3072778,115.18885889938521,2019-12-06 04:29:51
1575606592,24116,2742110,113.70500912257422,2019-12-06 04:29:52
1575606593,24087,2726438,113.19126499771662,2019-12-06 04:29:53
1575606594,24246,2999208,123.69908438505321,2019-12-06 04:29:54
1575606595,23988,2690814,112.17333666833417,2019-12-06 04:29:55
1575606596,25726,2801754,108.90748658944258,2019-12-06 04:29:56
1575606597,24052,2690806,111.87452186928321,2019-12-06 04:29:57
1575606598,24374,2808830,115.23877902683186,2019-12-06 04:29:58
1575606599,24525,3170003,129.25598369011212,2019-12-06 04:29:59
1575606600,7840,808502,103.12525510204081,2019-12-06 04:30:00
1575606600,16572,1953244,117.86410813420227,2019-12-06 04:30:00
1575606601,25778,3086434,119.7313212817131,2019-12-06 04:30:01
1575606602,23908,2653168,110.97406725782164,2019-12-06 04:30:02
1575606603,24200,2722222,112.48851239669422,2019-12-06 04:30:03
1575606604,23760,2692052,113.30185185185185,2019-12-06 04:30:04
1575606605,24880,2871868,115.42877813504823,2019-12-06 04:30:05
1575606606,26310,2986962,113.52953249714938,2019-12-06 04:30:06
1575606607,23824,2702432,113.4331766286098,2019-12-06 04:30:07
1575606608,23840,2642032,110.8234899328859,2019-12-06 04:30:08
1575606609,23926,2670684,111.62266989885481,2019-12-06 04:30:09
1575606610,24224,2719216,112.25297225891677,2019-12-06 04:30:10
1575606611,25967,2834368,109.1526938036739,2019-12-06 04:30:11
1575606612,24332,2796422,114.92774946572415,2019-12-06 04:30:12
1575606613,23906,2690182,112.53166569062161,2019-12-06 04:30:13
1575606614,24964,2960406,118.58700528761416,2019-12-06 04:30:14
1575606615,24046,2718272,113.04466439324628,2019-12-06 04:30:15
1575606616,25433,2768458,108.85298627767074,2019-12-06 04:30:16
1575606617,24225,2715044,112.07611971104231,2019-12-06 04:30:17
1575606618,23608,2636276,111.66875635377838,2019-12-06 04:30:18
1575606619,23888,2670522,111.79345277963832,2019-12-06 04:30:19
1575606620,24481,2811634,114.84963849515951,2019-12-06 04:30:20
1575606621,26161,2924268,111.77967203088566,2019-12-06 04:30:21
1575606622,24279,2787838,114.82507516784052,2019-12-06 04:30:22
1575606623,24120,2764553,114.61662520729685,2019-12-06 04:30:23
1575606624,24092,2678225,111.16656981570645,2019-12-06 04:30:24
1575606625,24109,2676533,111.01800157617487,2019-12-06 04:30:25
1575606626,25570,2780154,108.72718028940164,2019-12-06 04:30:26
1575606627,24116,2677637,111.03155581356775,2019-12-06 04:30:27
1575606628,24137,2741132,113.56556324315366,2019-12-06 04:30:28
1575606629,24445,2788901,114.08881161791777,2019-12-06 04:30:29
1575606630,24347,2775809,114.01030927835052,2019-12-06 04:30:30
1575606631,26158,2923890,111.77804113464332,2019-12-06 04:30:31
1575606632,23853,2668894,111.88923825095375,2019-12-06 04:30:32
1575606633,23919,2656426,111.0592416070906,2019-12-06 04:30:33
1575606634,24098,2687804,111.53639306166487,2019-12-06 04:30:34
1575606635,24642,2830090,114.84822660498337,2019-12-06 04:30:35
1575606636,25775,2836224,110.03778855480117,2019-12-06 04:30:36
1575606637,24385,2750854,112.80926799261842,2019-12-06 04:30:37
1575606638,24456,2785118,113.88280994438992,2019-12-06 04:30:38
1575606639,24179,2761095,114.19392861574093,2019-12-06 04:30:39
1575606640,23636,2636244,111.53511592486038,2019-12-06 04:30:40
1575606641,26428,2889184,109.32283941274406,2019-12-06 04:30:41
1575606642,24422,2796614,114.51207927278683,2019-12-06 04:30:42
1575606643,24676,2814916,114.07505268276869,2019-12-06 04:30:43
1575606644,24496,2768622,113.02343239712606,2019-12-06 04:30:44
1575606645,29105,8218518,282.3747809654698,2019-12-06 04:30:45
1575606646,29918,7871928,263.11678588140916,2019-12-06 04:30:46
1575606647,23782,2634222,110.76536876629383,2019-12-06 04:30:47
1575606648,24076,2711798,112.63490613058647,2019-12-06 04:30:48
1575606649,24532,2828682,115.30580466329693,2019-12-06 04:30:49
1575606650,24130,2729498,113.11636966431827,2019-12-06 04:30:50
1575606651,25674,2786848,108.54747994079614,2019-12-06 04:30:51
1575606652,24626,2792286,113.38772029562251,2019-12-06 04:30:52
1575606653,24264,2755720,113.57237059017474,2019-12-06 04:30:53
1575606654,23622,2630978,111.37829142324951,2019-12-06 04:30:54
1575606655,24308,2730969,112.34856837255225,2019-12-06 04:30:55
1575606656,25666,2875402,112.03155926127951,2019-12-06 04:30:56
1575606657,24064,2691888,111.86369680851064,2019-12-06 04:30:57
1575606658,23852,2637004,110.5569344289787,2019-12-06 04:30:58
1575606659,24762,2803589,113.2214279945077,2019-12-06 04:30:59
1575606660,24323,2794748,114.90145130123751,2019-12-06 04:31:00
1575606661,25721,2811106,109.29225146767233,2019-12-06 04:31:01
1575606662,24568,2816922,114.65817323347444,2019-12-06 04:31:02
1575606663,23887,2725284,114.0906769372462,2019-12-06 04:31:03
1575606664,24353,3038976,124.78856814355521,2019-12-06 04:31:04
1575606665,24072,2681700,111.40329012961116,2019-12-06 04:31:05
1575606666,25874,2839300,109.7356419571771,2019-12-06 04:31:06
1575606667,24516,2821548,115.09006363191385,2019-12-06 04:31:07
1575606668,24400,2759154,113.08008196721312,2019-12-06 04:31:08
1575606669,24442,3091349,126.4769249652238,2019-12-06 04:31:09
1575606670,24566,2814421,114.56570056175201,2019-12-06 04:31:10
1575606671,26026,3147142,120.92300007684624,2019-12-06 04:31:11
1575606672,23942,2674624,111.71263887728678,2019-12-06 04:31:12
1575606673,24064,2678792,111.31948138297872,2019-12-06 04:31:13
1575606674,24342,2831144,116.30695916522882,2019-12-06 04:31:14
1575606675,24636,2831160,114.9196298100341,2019-12-06 04:31:15
1575606676,25976,2914630,112.2047274407145,2019-12-06 04:31:16
1575606677,23934,2674142,111.72984039441798,2019-12-06 04:31:17
1575606678,24060,2682702,111.50049875311721,2019-12-06 04:31:18
1575606679,23528,2603564,110.65810948656919,2019-12-06 04:31:19
1575606680,24316,2736596,112.54301694357625,2019-12-06 04:31:20
1575606681,25994,2919854,112.32799876894669,2019-12-06 04:31:21
1575606682,24819,2930054,118.05689189733671,2019-12-06 04:31:22
1575606683,24357,2782776,114.24953812045818,2019-12-06 04:31:23
1575606684,24018,2668858,111.11907735864769,2019-12-06 04:31:24
1575606685,24010,2688086,111.95693461057893,2019-12-06 04:31:25
1575606686,25888,2816848,108.80902348578492,2019-12-06 04:31:26
1575606687,24023,2687089,111.85484743787204,2019-12-06 04:31:27
1575606688,23694,2713724,114.532117835739,2019-12-06 04:31:28
1575606689,24655,2848199,115.52216588927195,2019-12-06 04:31:29
1575606690,23545,2664914,113.18386069229136,2019-12-06 04:31:30
1575606691,26597,2928544,110.10805729969546,2019-12-06 04:31:31
1575606692,24264,2793850,115.1438344873063,2019-12-06 04:31:32
1575606693,23762,2637146,110.98165137614679,2019-12-06 04:31:33
1575606694,23900,2652444,110.98092050209205,2019-12-06 04:31:34
1575606695,23964,2681174,111.88340844600233,2019-12-06 04:31:35
1575606696,26192,2920664,111.5097739767868,2019-12-06 04:31:36
1575606697,24536,2842476,115.84920117378546,2019-12-06 04:31:37
1575606698,24000,2749122,114.54675,2019-12-06 04:31:38
1575606699,24216,2714442,112.09291377601586,2019-12-06 04:31:39
1575606700,23648,2624868,110.99746278755075,2019-12-06 04:31:40
1575606701,25650,2788592,108.71703703703703,2019-12-06 04:31:41
1575606702,24038,2660614,110.68366752641651,2019-12-06 04:31:42
1575606703,24436,2795238,114.39016205598297,2019-12-06 04:31:43
1575606704,24666,2836840,115.01013540906511,2019-12-06 04:31:44
1575606705,24616,2875128,116.79915502112448,2019-12-06 04:31:45
1575606706,25600,2784080,108.753125,2019-12-06 04:31:46
1575606707,23762,2631580,110.74741183402071,2019-12-06 04:31:47
1575606708,23816,2663666,111.84355055424925,2019-12-06 04:31:48
1575606709,23666,2668580,112.76007774866898,2019-12-06 04:31:49
1575606710,24078,2697320,112.02425450618823,2019-12-06 04:31:50
1575606711,25982,2921938,112.46008775305981,2019-12-06 04:31:51
1575606712,24942,2972890,119.19212573169754,2019-12-06 04:31:52
1575606713,24312,2778314,114.27747614346825,2019-12-06 04:31:53
1575606714,24386,2763886,113.33904699417698,2019-12-06 04:31:54
1575606715,24692,2770844,112.2162643771262,2019-12-06 04:31:55
1575606716,25470,2761726,108.43054574008637,2019-12-06 04:31:56
1575606717,24006,2689426,112.03140881446305,2019-12-06 04:31:57
1575606718,24800,2900590,116.95927419354838,2019-12-06 04:31:58
1575606719,24884,2890675,116.16601028773509,2019-12-06 04:31:59
1575606720,24119,2721216,112.82457813342178,2019-12-06 04:32:00
1575606721,25397,2764766,108.86191282434933,2019-12-06 04:32:01
1575606722,23857,2664738,111.69627363038101,2019-12-06 04:32:02
1575606723,24156,2710588,112.21179003146216,2019-12-06 04:32:03
1575606724,23833,2722424,114.22917803046197,2019-12-06 04:32:04
1575606725,24401,2801176,114.79759026269416,2019-12-06 04:32:05
1575606726,26092,2895246,110.9629771577495,2019-12-06 04:32:06
1575606727,24444,2765104,113.11994763541155,2019-12-06 04:32:07
1575606728,24034,2696164,112.18124323874511,2019-12-06 04:32:08
1575606729,24140,2671812,110.67986743993372,2019-12-06 04:32:09
1575606730,24112,2709070,112.353599867286,2019-12-06 04:32:10
1575606731,26210,2954918,112.74009919877909,2019-12-06 04:32:11
1575606732,24508,2774760,113.21854088460911,2019-12-06 04:32:12
1575606733,23841,2697588,113.14911287278218,2019-12-06 04:32:13
1575606734,24613,3147318,127.87218136756998,2019-12-06 04:32:14
1575606735,23982,2679518,111.73038111917272,2019-12-06 04:32:15
1575606736,25363,2752438,108.52178370066632,2019-12-06 04:32:16
1575606737,23779,2704560,113.73733125867362,2019-12-06 04:32:17
1575606738,24600,2886626,117.34252032520325,2019-12-06 04:32:18
1575606739,24409,3054482,125.1375312384776,2019-12-06 04:32:19
1575606740,24416,2801536,114.74180865006554,2019-12-06 04:32:20
1575606741,26537,3239012,122.05644948562384,2019-12-06 04:32:21
1575606742,23956,2700130,112.7120554349641,2019-12-06 04:32:22
1575606743,24286,2710366,111.60199291773039,2019-12-06 04:32:23
1575606744,24077,2771642,115.11575362379034,2019-12-06 04:32:24
1575606745,24111,2749054,114.01658993820249,2019-12-06 04:32:25
1575606746,25150,2783464,110.67451292246521,2019-12-06 04:32:26
1575606747,24924,2771756,111.20831327234794,2019-12-06 04:32:27
1575606748,24193,2808984,116.10730376555202,2019-12-06 04:32:28
1575606749,23510,2610361,111.03194385367928,2019-12-06 04:32:29
1575606750,24183,2729558,112.870942397552,2019-12-06 04:32:30
1575606751,23670,2743034,115.88652302492606,2019-12-06 04:32:31
1575606752,25153,2770954,110.16395658569554,2019-12-06 04:32:32
1575606753,23526,2663830,113.22919323301879,2019-12-06 04:32:33
1575606754,23710,2721730,114.79249261914804,2019-12-06 04:32:34
1575606755,24216,2722332,112.4187314172448,2019-12-06 04:32:35
1575606756,23712,2642688,111.4493927125506,2019-12-06 04:32:36
1575606757,25410,2752852,108.33734750098387,2019-12-06 04:32:37
1575606758,24394,2764168,113.31343773058948,2019-12-06 04:32:38
1575606759,24536,2832756,115.4530485816759,2019-12-06 04:32:39
1575606760,24276,2744844,113.06821552150272,2019-12-06 04:32:40
1575606761,24270,2754056,113.47573135558302,2019-12-06 04:32:41
1575606762,25902,2861262,110.46490618485059,2019-12-06 04:32:42
1575606763,23670,2626416,110.9596958174905,2019-12-06 04:32:43
1575606764,24104,2716944,112.7175572519084,2019-12-06 04:32:44
1575606765,24002,2728508,113.67836013665529,2019-12-06 04:32:45
1575606766,24518,2799452,114.17945998857982,2019-12-06 04:32:46
1575606767,25184,2759192,109.56130876747142,2019-12-06 04:32:47
1575606768,24329,2772504,113.95881458341897,2019-12-06 04:32:48
1575606769,23103,2663898,115.30528502791846,2019-12-06 04:32:49
1575606770,22825,2574330,112.7855421686747,2019-12-06 04:32:50
1575606771,22827,2567500,112.47645332281947,2019-12-06 04:32:51
1575606772,24379,2703796,110.9067640182124,2019-12-06 04:32:52
1575606773,23961,2797988,116.77258879011727,2019-12-06 04:32:53
1575606774,23297,2598478,111.53702193415461,2019-12-06 04:32:54
1575606775,23733,2736416,115.30004634896558,2019-12-06 04:32:55
1575606776,24146,2718372,112.58063447361882,2019-12-06 04:32:56
1575606777,25062,2734812,109.12185779267416,2019-12-06 04:32:57
1575606778,23848,2650434,111.13862797718886,2019-12-06 04:32:58
1575606779,24596,2847301,115.76276630346398,2019-12-06 04:32:59
1575606780,24077,2731040,113.42941396353366,2019-12-06 04:33:00
1575606781,23573,2603792,110.45653926101896,2019-12-06 04:33:01
1575606782,25539,2784954,109.04710442852108,2019-12-06 04:33:02
1575606783,24082,2756612,114.46773523793705,2019-12-06 04:33:03
1575606784,23940,2707042,113.07610693400167,2019-12-06 04:33:04
1575606785,24209,2704400,111.71052088066422,2019-12-06 04:33:05
1575606786,24383,2810062,115.24677029077635,2019-12-06 04:33:06
1575606787,25632,2808110,109.55485330836454,2019-12-06 04:33:07
1575606788,23990,2670198,111.30462692788662,2019-12-06 04:33:08
1575606789,24118,2687066,111.41330126876193,2019-12-06 04:33:09
1575606790,24292,2767112,113.91042318458751,2019-12-06 04:33:10
1575606791,24318,2797774,115.04951065054692,2019-12-06 04:33:11
1575606792,25724,2809746,109.22663660394961,2019-12-06 04:33:12
1575606793,24378,2825092,115.88694724751825,2019-12-06 04:33:13
1575606794,23970,2703020,112.76679182311223,2019-12-06 04:33:14
1575606795,23906,2660894,111.30653392453777,2019-12-06 04:33:15
1575606796,23839,2649580,111.14476278367381,2019-12-06 04:33:16
1575606797,25881,2800116,108.19195548858235,2019-12-06 04:33:17
1575606798,24378,2816460,115.53285749446222,2019-12-06 04:33:18
1575606799,24303,2775430,114.20112743282722,2019-12-06 04:33:19
1575606800,24283,2812184,115.80875509615781,2019-12-06 04:33:20
1575606801,24038,2672152,111.16365754222481,2019-12-06 04:33:21
1575606802,25293,2741260,108.38018424069901,2019-12-06 04:33:22
1575606803,24219,2710674,111.92344853214418,2019-12-06 04:33:23
1575606804,24064,3016252,125.34291888297872,2019-12-06 04:33:24
1575606805,23967,2698796,112.60466474736096,2019-12-06 04:33:25
1575606806,24793,2872706,115.86762392610818,2019-12-06 04:33:26
1575606807,26108,2958944,113.3347632909453,2019-12-06 04:33:27
1575606808,24331,2753642,113.17422218568903,2019-12-06 04:33:28
1575606809,24330,3034461,124.72096177558569,2019-12-06 04:33:29
1575606810,24393,2743012,112.45078506128807,2019-12-06 04:33:30
1575606811,24261,3011918,124.14649025184453,2019-12-06 04:33:31
1575606812,25816,2823390,109.36589711806631,2019-12-06 04:33:32
1575606813,24794,2874202,115.923287892232,2019-12-06 04:33:33
1575606814,24200,2809968,116.11438016528926,2019-12-06 04:33:34
1575606815,24142,2721246,112.71833319526137,2019-12-06 04:33:35
1575606816,23490,2601910,110.7667092379736,2019-12-06 04:33:36
1575606817,25563,2765698,108.19144857802293,2019-12-06 04:33:37
1575606818,24024,2675154,111.3533966033966,2019-12-06 04:33:38
1575606819,23912,2680916,112.11592505854802,2019-12-06 04:33:39
1575606820,24546,2794604,113.85170699910373,2019-12-06 04:33:40
1575606821,24686,2883296,116.79883334683626,2019-12-06 04:33:41
1575606822,26238,2918190,111.21998627944203,2019-12-06 04:33:42
1575606823,24732,2852838,115.35007278020379,2019-12-06 04:33:43
1575606824,24330,2749484,113.00797369502672,2019-12-06 04:33:44
1575606825,24030,2696786,112.22580108198086,2019-12-06 04:33:45
1575606826,24258,2731274,112.59271168274384,2019-12-06 04:33:46
1575606827,26005,2864130,110.13766583349356,2019-12-06 04:33:47
1575606828,24483,2864914,117.01646040109463,2019-12-06 04:33:48
1575606829,24378,2834090,116.25605053736976,2019-12-06 04:33:49
1575606830,24422,2757436,112.90786995332077,2019-12-06 04:33:50
1575606831,24065,2666329,110.79696654892999,2019-12-06 04:33:51
1575606832,25271,2726247,107.88045585849393,2019-12-06 04:33:52
1575606833,24123,2713280,112.47688927579489,2019-12-06 04:33:53
1575606834,23945,2682451,112.02551680935477,2019-12-06 04:33:54
1575606835,24652,2847684,115.51533344150576,2019-12-06 04:33:55
1575606836,25208,2981378,118.271104411298,2019-12-06 04:33:56
1575606837,25943,2852534,109.9538989322746,2019-12-06 04:33:57
1575606838,23664,2611975,110.37757775524003,2019-12-06 04:33:58
1575606839,23457,2630401,112.13714456239076,2019-12-06 04:33:59
1575606840,23363,2628726,112.51662885759535,2019-12-06 04:34:00
1575606841,23976,2705772,112.85335335335336,2019-12-06 04:34:01
1575606842,26756,3090672,115.51323067723128,2019-12-06 04:34:02
1575606843,23770,2709740,113.99831720656289,2019-12-06 04:34:03
1575606844,24058,2693232,111.9474603042647,2019-12-06 04:34:04
1575606845,24328,2737158,112.51060506412364,2019-12-06 04:34:05
1575606846,23889,2685895,112.43229101259995,2019-12-06 04:34:06
1575606847,26076,2889106,110.79559748427673,2019-12-06 04:34:07
1575606848,23964,2685994,112.0845434818895,2019-12-06 04:34:08
1575606849,24466,2848876,116.44224638273522,2019-12-06 04:34:09
1575606850,24774,2862106,115.52861871316703,2019-12-06 04:34:10
1575606851,24196,2714514,112.18854356091916,2019-12-06 04:34:11
1575606852,25734,2792426,108.51115256081448,2019-12-06 04:34:12
1575606853,24201,2727078,112.68451716871203,2019-12-06 04:34:13
1575606854,24229,2716970,112.13710842378967,2019-12-06 04:34:14
1575606855,24436,2778714,113.71394663611066,2019-12-06 04:34:15
1575606856,24670,2826624,114.57738143494123,2019-12-06 04:34:16
1575606857,26058,2874916,110.32757694374088,2019-12-06 04:34:17
1575606858,24272,2751896,113.37738958470666,2019-12-06 04:34:18
1575606859,24304,2746036,112.98699802501646,2019-12-06 04:34:19
1575606860,23922,2672092,111.70019229161441,2019-12-06 04:34:20
1575606861,23776,2681014,112.76135598923284,2019-12-06 04:34:21
1575606862,26425,2967503,112.29907284768213,2019-12-06 04:34:22
1575606863,23839,2662016,111.66642896094635,2019-12-06 04:34:23
1575606864,24483,2785290,113.76424457787036,2019-12-06 04:34:24
1575606865,24152,2745246,113.66536932759192,2019-12-06 04:34:25
1575606866,24223,2731630,112.77009453824877,2019-12-06 04:34:26
1575606867,25654,2759812,107.57823341389258,2019-12-06 04:34:27
1575606868,24367,2794386,114.67911519678253,2019-12-06 04:34:28
1575606869,24282,2771771,114.1492051725558,2019-12-06 04:34:29
1575606870,23664,2649868,111.9788708586883,2019-12-06 04:34:30
1575606871,23753,2628259,110.64956005557192,2019-12-06 04:34:31
1575606872,25565,2854447,111.65448855857618,2019-12-06 04:34:32
1575606873,24291,2763882,113.78214153390144,2019-12-06 04:34:33
1575606874,24160,3018000,124.91721854304636,2019-12-06 04:34:34
1575606875,24570,2795880,113.79242979242979,2019-12-06 04:34:35
1575606876,24494,2793936,114.06613864619906,2019-12-06 04:34:36
1575606877,25250,2741504,108.57441584158416,2019-12-06 04:34:37
1575606878,23990,2666656,111.15698207586495,2019-12-06 04:34:38
1575606879,24412,3078424,126.10290021300999,2019-12-06 04:34:39
1575606880,24252,2769948,114.21523998020781,2019-12-06 04:34:40
1575606881,24333,3070810,126.19939999178071,2019-12-06 04:34:41
1575606882,26012,2908296,111.80593572197448,2019-12-06 04:34:42
1575606883,23996,2672406,111.3688114685781,2019-12-06 04:34:43
1575606884,23894,2697824,112.90801037917468,2019-12-06 04:34:44
1575606885,23866,2681770,112.36780356993212,2019-12-06 04:34:45
1575606886,24016,2712676,112.95286475682877,2019-12-06 04:34:46
1575606887,26446,2934030,110.94418815699918,2019-12-06 04:34:47
1575606888,24278,2770178,114.10239723206195,2019-12-06 04:34:48
1575606889,23910,2665924,111.4982852363028,2019-12-06 04:34:49
1575606890,24312,2744538,112.88820335636723,2019-12-06 04:34:50
1575606891,24648,2825746,114.64402791301525,2019-12-06 04:34:51
1575606892,25640,2849745,111.1445007800312,2019-12-06 04:34:52
1575606893,24154,2678192,110.87985426844415,2019-12-06 04:34:53
1575606894,24067,2683461,111.49960526862509,2019-12-06 04:34:54
1575606895,24451,2809877,114.91869453192099,2019-12-06 04:34:55
1575606896,24105,2756409,114.35009334163037,2019-12-06 04:34:56
1575606897,25930,2855301,110.11573467026611,2019-12-06 04:34:57
1575606898,24578,2798403,113.85804377898934,2019-12-06 04:34:58
1575606899,23961,2683683,112.00212845874546,2019-12-06 04:34:59
1575606900,23933,2667040,111.4377637571554,2019-12-06 04:35:00
1575606901,23692,2651419,111.9119956103326,2019-12-06 04:35:01
1575606902,25992,2864178,110.19459833795014,2019-12-06 04:35:02
1575606903,24616,2843240,115.50373740656484,2019-12-06 04:35:03
1575606904,24859,2885857,116.0890220845569,2019-12-06 04:35:04
1575606905,24218,2736168,112.98075811379965,2019-12-06 04:35:05
1575606906,23744,2663442,112.17326482479784,2019-12-06 04:35:06
1575606907,25337,2740885,108.17717172514504,2019-12-06 04:35:07
1575606908,23765,2668872,112.30262991794656,2019-12-06 04:35:08
1575606909,23931,2681426,112.0482219715014,2019-12-06 04:35:09
1575606910,24686,2842494,115.14599368062869,2019-12-06 04:35:10
1575606911,25056,2933174,117.06473499361431,2019-12-06 04:35:11
1575606912,25533,2796194,109.51294403321192,2019-12-06 04:35:12
1575606913,23779,2634982,110.81130409184574,2019-12-06 04:35:13
1575606914,23594,2634888,111.67618886157497,2019-12-06 04:35:14
1575606915,23718,2645158,111.52533940467156,2019-12-06 04:35:15
1575606916,24344,2729668,112.12898455471574,2019-12-06 04:35:16
1575606917,25866,2926780,113.15162761926854,2019-12-06 04:35:17
1575606918,25133,2945663,117.20300003978832,2019-12-06 04:35:18
1575606919,24045,2704891,112.49286754002911,2019-12-06 04:35:19
1575606920,23344,2592028,111.03615490061686,2019-12-06 04:35:20
1575606921,23720,2623420,110.59949409780776,2019-12-06 04:35:21
1575606922,25711,2800388,108.91789506436933,2019-12-06 04:35:22
1575606923,24634,2827464,114.77892343914914,2019-12-06 04:35:23
1575606924,24235,2778444,114.6459253146276,2019-12-06 04:35:24
1575606925,24614,2884052,117.17120338019014,2019-12-06 04:35:25
1575606926,24320,2787852,114.63207236842105,2019-12-06 04:35:26
1575606927,25632,2772618,108.17017790262172,2019-12-06 04:35:27
1575606928,23716,2630962,110.93616124135605,2019-12-06 04:35:28
1575606929,23980,2672363,111.44132610508757,2019-12-06 04:35:29
1575606930,24121,2720110,112.76937108743418,2019-12-06 04:35:30
1575606931,24256,2797322,115.32495052770449,2019-12-06 04:35:31
1575606932,25860,2842274,109.91005413766435,2019-12-06 04:35:32
1575606933,24362,2781304,114.16566784336261,2019-12-06 04:35:33
1575606934,23996,2737120,114.06567761293549,2019-12-06 04:35:34
1575606935,23860,2669708,111.89052808046941,2019-12-06 04:35:35
1575606936,23662,2619148,110.69005155946243,2019-12-06 04:35:36
1575606937,25789,2855139,110.71150490519214,2019-12-06 04:35:37
1575606938,24301,2801787,115.29513188757664,2019-12-06 04:35:38
1575606939,24222,2717840,112.20543307736769,2019-12-06 04:35:39
1575606940,24080,2717114,112.83696013289037,2019-12-06 04:35:40
1575606941,24472,2810018,114.82584177835894,2019-12-06 04:35:41
1575606942,25568,2781784,108.79943679599499,2019-12-06 04:35:42
1575606943,23853,2650230,111.10677902150672,2019-12-06 04:35:43
1575606944,24338,3081638,126.61837455830388,2019-12-06 04:35:44
1575606945,24046,2772090,115.2827913166431,2019-12-06 04:35:45
1575606946,24572,2763998,112.48567475174995,2019-12-06 04:35:46
1575606947,26116,2875816,110.1170163884209,2019-12-06 04:35:47
1575606948,24252,2782072,114.71515751278245,2019-12-06 04:35:48
1575606949,24191,3026026,125.08891736596254,2019-12-06 04:35:49
1575606950,24254,2731084,112.60344685412716,2019-12-06 04:35:50
1575606951,23842,2944446,123.49828034560859,2019-12-06 04:35:51
1575606952,25837,2862954,110.80829817703294,2019-12-06 04:35:52
1575606953,24126,2734173,113.32889828400896,2019-12-06 04:35:53
1575606954,24444,2816778,115.23392243495336,2019-12-06 04:35:54
1575606955,24518,2803080,114.32743290643609,2019-12-06 04:35:55
1575606956,24221,2754961,113.74266132694768,2019-12-06 04:35:56
1575606957,25669,2788468,108.6317347773579,2019-12-06 04:35:57
1575606958,23905,2653642,111.00782263124869,2019-12-06 04:35:58
1575606959,24096,2720144,112.88778220451528,2019-12-06 04:35:59
1575606960,24158,2791476,115.55079062836327,2019-12-06 04:36:00
1575606961,24276,2726838,112.32649530400396,2019-12-06 04:36:01
1575606962,26095,2858215,109.53113623299483,2019-12-06 04:36:02
1575606963,24310,2778888,114.3104895104895,2019-12-06 04:36:03
1575606964,24189,2776800,114.79598164454917,2019-12-06 04:36:04
1575606965,23876,2662575,111.5167951080583,2019-12-06 04:36:05
1575606966,24770,2846894,114.93314493338717,2019-12-06 04:36:06
1575606967,26076,2870824,110.0944930204019,2019-12-06 04:36:07
1575606968,23731,2655119,111.88399140364923,2019-12-06 04:36:08
1575606969,23820,2635774,110.65382031905962,2019-12-06 04:36:09
1575606970,24086,2735040,113.55310138669766,2019-12-06 04:36:10
1575606971,24564,2808670,114.34090539000162,2019-12-06 04:36:11
1575606972,27190,2915856,107.24001471129091,2019-12-06 04:36:12
1575606973,24482,2844802,116.19973858344906,2019-12-06 04:36:13
1575606974,24508,2768764,112.97388607801534,2019-12-06 04:36:14
1575606975,24031,2684994,111.73043152594565,2019-12-06 04:36:15
1575606976,23957,2679516,111.84689234879158,2019-12-06 04:36:16
1575606977,25664,2785422,108.53421134663341,2019-12-06 04:36:17
1575606978,24511,2824846,115.24809269307657,2019-12-06 04:36:18
1575606979,24736,2835570,114.63332794307891,2019-12-06 04:36:19
1575606980,24395,2810642,115.21385529821684,2019-12-06 04:36:20
1575606981,23855,2668650,111.86962900859359,2019-12-06 04:36:21
1575606982,25234,2719946,107.78893556312912,2019-12-06 04:36:22
1575606983,24023,2698832,112.3436706489614,2019-12-06 04:36:23
1575606984,23658,2635868,111.41550426916899,2019-12-06 04:36:24
1575606985,24376,2800734,114.89719396127339,2019-12-06 04:36:25
1575606986,24385,2832006,116.13721550133279,2019-12-06 04:36:26
1575606987,25593,2849878,111.35380768178798,2019-12-06 04:36:27
1575606988,23856,2675228,112.14067739771966,2019-12-06 04:36:28
1575606989,23729,2643979,111.42395381179148,2019-12-06 04:36:29
1575606990,23303,2600484,111.59438698879973,2019-12-06 04:36:30
1575606991,23854,2666034,111.76465163075375,2019-12-06 04:36:31
1575606992,25996,2853362,109.76157870441607,2019-12-06 04:36:32
1575606993,24742,2899760,117.19990299894916,2019-12-06 04:36:33
1575606994,24300,2799318,115.19827160493827,2019-12-06 04:36:34
1575606995,24028,2711946,112.86607291493257,2019-12-06 04:36:35
1575606996,24064,2683426,111.51205119680851,2019-12-06 04:36:36
1575606997,25061,2749496,109.71214237261083,2019-12-06 04:36:37
1575606998,24605,2834376,115.19512294249137,2019-12-06 04:36:38
1575606999,24074,2723948,113.14895738140733,2019-12-06 04:36:39
1575607000,24614,2843132,115.50873486633623,2019-12-06 04:36:40
1575607001,24532,2772894,113.03171368009131,2019-12-06 04:36:41
1575607002,26087,2919392,111.90984015026642,2019-12-06 04:36:42
1575607003,23875,2691320,112.72544502617801,2019-12-06 04:36:43
1575607004,23514,2628050,111.76533129199626,2019-12-06 04:36:44
1575607005,23782,2659724,111.83769237238248,2019-12-06 04:36:45
1575607006,24304,2748708,113.09693877551021,2019-12-06 04:36:46
1575607007,25560,2863012,112.01142410015649,2019-12-06 04:36:47
1575607008,24542,2793698,113.83334691549182,2019-12-06 04:36:48
1575607009,24458,2806110,114.73178510098946,2019-12-06 04:36:49
1575607010,24150,2719018,112.58873706004141,2019-12-06 04:36:50
1575607011,24366,2719606,111.61479110235574,2019-12-06 04:36:51
1575607012,25638,2781414,108.48794757781418,2019-12-06 04:36:52
1575607013,24195,2770394,114.50274850175656,2019-12-06 04:36:53
1575607014,24421,3095708,126.76417837107408,2019-12-06 04:36:54
1575607015,23135,2605564,112.62433542251999,2019-12-06 04:36:55
1575607016,24138,2790742,115.61612395393156,2019-12-06 04:36:56
1575607017,24965,2755092,110.35818145403564,2019-12-06 04:36:57
1575607018,23663,2661264,112.46519883362211,2019-12-06 04:36:58
1575607019,23997,2984359,124.36383714630996,2019-12-06 04:36:59
1575607020,23633,2642550,111.8161045995007,2019-12-06 04:37:00
1575607021,24185,3035932,125.52954310523052,2019-12-06 04:37:01
1575607022,25719,2893028,112.48602200707649,2019-12-06 04:37:02
1575607023,24676,2755994,111.68722645485492,2019-12-06 04:37:03
1575607024,24558,2812828,114.53815457284796,2019-12-06 04:37:04
1575607025,24134,2724738,112.90038949200299,2019-12-06 04:37:05
1575607026,23924,2685540,112.25296773114864,2019-12-06 04:37:06
1575607027,24428,2735614,111.98681840510889,2019-12-06 04:37:07
1575607028,25736,2824616,109.75349704693814,2019-12-06 04:37:08
1575607029,24663,2853030,115.6805741393991,2019-12-06 04:37:09
1575607030,24051,2699130,112.22527129849071,2019-12-06 04:37:10
1575607031,23886,2675158,111.9969019509336,2019-12-06 04:37:11
1575607032,24361,2803522,115.08238578055088,2019-12-06 04:37:12
1575607033,25629,2817316,109.92687970658238,2019-12-06 04:37:13
1575607034,23898,2694756,112.7607331157419,2019-12-06 04:37:14
1575607035,23164,2656633,114.6880072526334,2019-12-06 04:37:15
1575607036,22842,2651804,116.09333683565362,2019-12-06 04:37:16
1575607037,22065,2471770,112.02220711534103,2019-12-06 04:37:17
1575607038,24663,2718249,110.21566719377205,2019-12-06 04:37:18
1575607039,24092,2808938,116.59214677071228,2019-12-06 04:37:19
1575607040,23556,2671882,113.42681270164714,2019-12-06 04:37:20
1575607041,24200,2770689,114.49128099173554,2019-12-06 04:37:21
1575607042,24080,2752490,114.30606312292359,2019-12-06 04:37:22
1575607043,25027,2704818,108.07599792224397,2019-12-06 04:37:23
1575607044,24252,2737537,112.87881411842322,2019-12-06 04:37:24
1575607045,23626,2633558,111.46863624820114,2019-12-06 04:37:25
1575607046,24256,2741814,113.03652704485488,2019-12-06 04:37:26
1575607047,24437,2852559,116.73114539427917,2019-12-06 04:37:27
1575607048,26110,2942612,112.7005744925316,2019-12-06 04:37:28
1575607049,24451,2762107,112.9649912069036,2019-12-06 04:37:29
1575607050,23926,2644146,110.51349995820446,2019-12-06 04:37:30
1575607051,24433,2752619,112.65988621945729,2019-12-06 04:37:31
1575607052,23677,2661727,112.41825400177387,2019-12-06 04:37:32
1575607053,25773,2792185,108.33760136577038,2019-12-06 04:37:33
1575607054,24052,2711074,112.71719607517046,2019-12-06 04:37:34
1575607055,24717,2929151,118.50754541408747,2019-12-06 04:37:35
1575607056,24164,2760946,114.25864923025989,2019-12-06 04:37:36
1575607057,23676,2646454,111.77791856732556,2019-12-06 04:37:37
1575607058,25580,2759658,107.88342455043002,2019-12-06 04:37:38
1575607059,23957,2690913,112.32261969361774,2019-12-06 04:37:39
1575607060,23888,2681722,112.26230743469524,2019-12-06 04:37:40
1575607061,24300,2776264,114.24954732510288,2019-12-06 04:37:41
1575607062,24756,2869490,115.91089028922282,2019-12-06 04:37:42
1575607063,25824,2872668,111.24024163568774,2019-12-06 04:37:43
1575607064,24238,2722550,112.32568693786617,2019-12-06 04:37:44
1575607065,24030,2686248,111.787265917603,2019-12-06 04:37:45
1575607066,24114,2705092,112.1793149207929,2019-12-06 04:37:46
1575607067,23939,2687437,112.261873929571,2019-12-06 04:37:47
1575607068,25632,2807568,109.53370786516854,2019-12-06 04:37:48
1575607069,24865,2919234,117.40333802533682,2019-12-06 04:37:49
1575607070,24411,2844908,116.54205071484166,2019-12-06 04:37:50
1575607071,23824,2657880,111.56312961719274,2019-12-06 04:37:51
1575607072,24398,2703962,110.82719895073366,2019-12-06 04:37:52
1575607073,25214,2735212,108.4798921234235,2019-12-06 04:37:53
1575607074,23684,2650368,111.9054213815234,2019-12-06 04:37:54
1575607075,24060,2660126,110.5621778886118,2019-12-06 04:37:55
1575607076,24712,2890936,116.98510844933635,2019-12-06 04:37:56
1575607077,24200,2831260,116.99421487603306,2019-12-06 04:37:57
1575607078,25242,2766104,109.58339275810158,2019-12-06 04:37:58
1575607079,24249,2715889,112.00004123881398,2019-12-06 04:37:59
1575607080,23854,2660076,111.51488220005031,2019-12-06 04:38:00
1575607081,23708,2650648,111.80394803441877,2019-12-06 04:38:01
1575607082,23695,2642672,111.52867693606247,2019-12-06 04:38:02
1575607083,25799,2823757,109.45218806930501,2019-12-06 04:38:03
1575607084,24593,3125070,127.07152441751718,2019-12-06 04:38:04
1575607085,24470,2812692,114.94450347364119,2019-12-06 04:38:05
1575607086,24210,2721682,112.41974390747625,2019-12-06 04:38:06
1575607087,24148,2802316,116.0475401689581,2019-12-06 04:38:07
1575607088,25614,2774474,108.31865386116968,2019-12-06 04:38:08
1575607089,24298,3019952,124.28808955469586,2019-12-06 04:38:09
1575607090,23834,2676816,112.31081648065788,2019-12-06 04:38:10
1575607091,24992,3153754,126.1905409731114,2019-12-06 04:38:11
1575607092,24420,2812162,115.15814905814906,2019-12-06 04:38:12
1575607093,26435,2985152,112.92422924153584,2019-12-06 04:38:13
1575607094,24120,2704084,112.10961857379768,2019-12-06 04:38:14
1575607095,24017,2664278,110.93300578756714,2019-12-06 04:38:15
1575607096,23791,2651104,111.43306292295406,2019-12-06 04:38:16
1575607097,23698,2652926,111.94725293273694,2019-12-06 04:38:17
1575607098,25796,2828704,109.65669095983874,2019-12-06 04:38:18
1575607099,24730,2885410,116.67650626769107,2019-12-06 04:38:19
1575607100,24752,2898294,117.09332579185521,2019-12-06 04:38:20
1575607101,23926,2673560,111.74287386107164,2019-12-06 04:38:21
1575607102,23537,2631712,111.8117007265157,2019-12-06 04:38:22
1575607103,25037,2723586,108.78244198586093,2019-12-06 04:38:23
1575607104,23266,2670594,114.78526605346858,2019-12-06 04:38:24
1575607105,23836,2682038,112.52047323376405,2019-12-06 04:38:25
1575607106,23986,2804690,116.93029267072458,2019-12-06 04:38:26
1575607107,24803,2899422,116.89803652783938,2019-12-06 04:38:27
1575607108,25931,2882482,111.15969303150669,2019-12-06 04:38:28
1575607109,23854,2701685,113.25920181101702,2019-12-06 04:38:29
1575607110,24257,2757406,113.67465061631694,2019-12-06 04:38:30
1575607111,23713,2654668,111.94990089824147,2019-12-06 04:38:31
1575607112,24106,2684914,111.37949058325728,2019-12-06 04:38:32
1575607113,25684,2793654,108.77020713284536,2019-12-06 04:38:33
1575607114,24528,2848854,116.1470156555773,2019-12-06 04:38:34
1575607115,24939,2929063,117.44909579373672,2019-12-06 04:38:35
1575607116,23856,2676170,112.18016431924883,2019-12-06 04:38:36
1575607117,24132,2697734,111.79073429471242,2019-12-06 04:38:37
1575607118,25308,2759954,109.05460723881777,2019-12-06 04:38:38
1575607119,23800,2637642,110.82529411764706,2019-12-06 04:38:39
1575607120,24141,2725454,112.89731162752165,2019-12-06 04:38:40
1575607121,24551,2804266,114.22206834752149,2019-12-06 04:38:41
1575607122,25382,3017620,118.88818848002522,2019-12-06 04:38:42
1575607123,26154,2893090,110.61749636766842,2019-12-06 04:38:43
1575607124,23952,2680816,111.92451569806279,2019-12-06 04:38:44
1575607125,23726,2633572,110.99940993003456,2019-12-06 04:38:45
1575607126,24398,2796766,114.63095335683252,2019-12-06 04:38:46
1575607127,24190,2769816,114.50252170318313,2019-12-06 04:38:47
1575607128,26322,2910360,110.56758604969227,2019-12-06 04:38:48
1575607129,24650,2949416,119.65176470588236,2019-12-06 04:38:49
1575607130,23917,2729220,114.112137809926,2019-12-06 04:38:50
1575607131,23987,2688606,112.08596323008297,2019-12-06 04:38:51
1575607132,24084,2698048,112.02657365886066,2019-12-06 04:38:52
1575607133,25330,2761278,109.01215949467036,2019-12-06 04:38:53
1575607134,24454,2735718,111.8720045800278,2019-12-06 04:38:54
1575607135,24814,2854194,115.02353510115258,2019-12-06 04:38:55
1575607136,25056,2956782,118.00694444444444,2019-12-06 04:38:56
1575607137,24696,2869118,116.17743764172336,2019-12-06 04:38:57
1575607138,25934,2804796,108.15130716434025,2019-12-06 04:38:58
1575607139,24075,2681961,111.4002492211838,2019-12-06 04:38:59
1575607140,23737,2642374,111.31878501916839,2019-12-06 04:39:00
1575607141,24051,2702314,112.3576566462933,2019-12-06 04:39:01
1575607142,24931,2832776,113.62464401748827,2019-12-06 04:39:02
1575607143,25822,2864532,110.93377739911703,2019-12-06 04:39:03
1575607144,24188,2773278,114.65511824044981,2019-12-06 04:39:04
1575607145,23766,2663834,112.08592106370445,2019-12-06 04:39:05
1575607146,23897,2654280,111.07168263798803,2019-12-06 04:39:06
1575607147,23947,2657748,110.98459097172923,2019-12-06 04:39:07
1575607148,25728,2815022,109.41472325870647,2019-12-06 04:39:08
1575607149,24028,2695026,112.16189445646745,2019-12-06 04:39:09
1575607150,24116,2741954,113.69854038812407,2019-12-06 04:39:10
1575607151,25256,3035436,120.18672790624011,2019-12-06 04:39:11
1575607152,24224,2770124,114.35452443857332,2019-12-06 04:39:12
1575607153,25586,2778708,108.60267333698116,2019-12-06 04:39:13
1575607154,24079,2978030,123.67747830059388,2019-12-06 04:39:14
1575607155,23996,2704418,112.70286714452409,2019-12-06 04:39:15
1575607156,23989,2676152,111.55746383759222,2019-12-06 04:39:16
1575607157,24303,2763300,113.70201209727195,2019-12-06 04:39:17
1575607158,26216,2949084,112.49176075678974,2019-12-06 04:39:18
1575607159,24432,3147152,128.8127046496398,2019-12-06 04:39:19
1575607160,24254,2719462,112.12426816195267,2019-12-06 04:39:20
1575607161,23719,2938950,123.90699439268097,2019-12-06 04:39:21
1575607162,23972,2671514,111.44310028366428,2019-12-06 04:39:22
1575607163,25848,2802750,108.4319870009285,2019-12-06 04:39:23
1575607164,24480,2764414,112.92540849673203,2019-12-06 04:39:24
1575607165,24566,2831070,115.24342587315802,2019-12-06 04:39:25
1575607166,24626,2864364,116.31462681718509,2019-12-06 04:39:26
1575607167,24225,2730764,112.72503611971105,2019-12-06 04:39:27
1575607168,25447,2771914,108.9289110700672,2019-12-06 04:39:28
1575607169,23671,2607011,110.1352287609311,2019-12-06 04:39:29
1575607170,24184,2711892,112.13579225934502,2019-12-06 04:39:30
1575607171,24462,2802002,114.54509034420734,2019-12-06 04:39:31
1575607172,24394,2819782,115.59326063786177,2019-12-06 04:39:32
1575607173,25554,2800120,109.57658292243876,2019-12-06 04:39:33
1575607174,24016,2755272,114.72651565622918,2019-12-06 04:39:34
1575607175,24286,2743762,112.97710615169234,2019-12-06 04:39:35
1575607176,23735,2645904,111.47689066779019,2019-12-06 04:39:36
1575607177,23713,2629156,110.87403533926538,2019-12-06 04:39:37
1575607178,26184,2951090,112.70585090131378,2019-12-06 04:39:38
1575607179,24544,2773302,112.99307366362451,2019-12-06 04:39:39
1575607180,24040,2715258,112.94750415973378,2019-12-06 04:39:40
1575607181,23910,2714214,113.51794228356336,2019-12-06 04:39:41
1575607182,24394,2782370,114.05960482085759,2019-12-06 04:39:42
1575607183,25902,2815668,108.70465601111883,2019-12-06 04:39:43
1575607184,24098,2683448,111.35563117271143,2019-12-06 04:39:44
1575607185,24212,2805924,115.8898067074178,2019-12-06 04:39:45
1575607186,24180,2705890,111.90612076095947,2019-12-06 04:39:46
1575607187,24012,2665732,111.01665833749792,2019-12-06 04:39:47
1575607188,25950,2908522,112.08177263969172,2019-12-06 04:39:48
1575607189,24200,2748394,113.57,2019-12-06 04:39:49
1575607190,24352,2742744,112.62910643889619,2019-12-06 04:39:50
1575607191,24746,2863020,115.69627414531641,2019-12-06 04:39:51
1575607192,23816,2675780,112.35220020154517,2019-12-06 04:39:52
1575607193,25320,2717492,107.3259083728278,2019-12-06 04:39:53
1575607194,23734,2663232,112.21167944720654,2019-12-06 04:39:54
1575607195,24426,2793760,114.376484074347,2019-12-06 04:39:55
1575607196,23960,2732092,114.02721202003339,2019-12-06 04:39:56
1575607197,24676,2838814,115.04352407197277,2019-12-06 04:39:57
1575607198,25988,2857034,109.93666307526551,2019-12-06 04:39:58
1575607199,23587,2634819,111.70640607114088,2019-12-06 04:39:59
1575607200,24131,2705748,112.12747088806928,2019-12-06 04:40:00
1575607201,23615,2628082,111.28867245394876,2019-12-06 04:40:01
1575607202,24504,2827384,115.38459027097616,2019-12-06 04:40:02
1575607203,25604,2808754,109.6998125292923,2019-12-06 04:40:03
1575607204,24505,2862572,116.81583350336666,2019-12-06 04:40:04
1575607205,24367,2753362,112.99552673698034,2019-12-06 04:40:05
1575607206,24068,2668516,110.87402359980057,2019-12-06 04:40:06
1575607207,23700,2639994,111.39215189873418,2019-12-06 04:40:07
1575607208,25932,2830382,109.14630572265926,2019-12-06 04:40:08
1575607209,24288,2766828,113.91749011857708,2019-12-06 04:40:09
1575607210,24880,2832914,113.86310289389067,2019-12-06 04:40:10
1575607211,24626,2788076,113.21676277105499,2019-12-06 04:40:11
1575607212,24208,2753680,113.75082617316589,2019-12-06 04:40:12
1575607213,25468,2793218,109.67559290089524,2019-12-06 04:40:13
1575607214,24432,2762246,113.05852979698756,2019-12-06 04:40:14
1575607215,23622,2616208,110.75302683938702,2019-12-06 04:40:15
1575607216,24023,2724167,113.39828497689714,2019-12-06 04:40:16
1575607217,24281,2767979,113.99773485441291,2019-12-06 04:40:17
1575607218,25324,2777698,109.68638445743169,2019-12-06 04:40:18
1575607219,24752,2830974,114.37354557207499,2019-12-06 04:40:19
1575607220,23970,2714000,113.22486441385065,2019-12-06 04:40:20
1575607221,24166,2729438,112.94537780352562,2019-12-06 04:40:21
1575607222,24344,2713940,111.48291160039435,2019-12-06 04:40:22
1575607223,25416,2767404,108.88432483474976,2019-12-06 04:40:23
1575607224,24697,3125450,126.55180791189213,2019-12-06 04:40:24
1575607225,24040,2747940,114.30698835274542,2019-12-06 04:40:25
1575607226,24564,2830942,115.24759811105683,2019-12-06 04:40:26
1575607227,24306,2736268,112.57582489920185,2019-12-06 04:40:27
1575607228,25898,2833554,109.41207815275311,2019-12-06 04:40:28
1575607229,24064,3003541,124.81470246010639,2019-12-06 04:40:29
1575607230,24043,2685582,111.6991224056898,2019-12-06 04:40:30
1575607231,24194,3035742,125.47499380011573,2019-12-06 04:40:31
1575607232,24437,2813450,115.13074436305602,2019-12-06 04:40:32
1575607233,26280,2954686,112.43097412480974,2019-12-06 04:40:33
1575607234,24038,2714394,112.92095848240287,2019-12-06 04:40:34
1575607235,23794,2635722,110.77254770110112,2019-12-06 04:40:35
1575607236,24047,2684024,111.61575248471743,2019-12-06 04:40:36
1575607237,23520,2606896,110.8374149659864,2019-12-06 04:40:37
1575607238,26228,2858544,108.98825682476742,2019-12-06 04:40:38
1575607239,24772,2884654,116.44816728564508,2019-12-06 04:40:39
1575607240,24692,2846532,115.28154867973433,2019-12-06 04:40:40
1575607241,23880,2685806,112.47093802345059,2019-12-06 04:40:41
1575607242,23654,2634248,111.3658577830388,2019-12-06 04:40:42
1575607243,25822,2803944,108.58740608783208,2019-12-06 04:40:43
1575607244,24119,2714388,112.54148181931258,2019-12-06 04:40:44
1575607245,23820,2694016,113.09890848026868,2019-12-06 04:40:45
1575607246,24921,2920449,117.18827494883833,2019-12-06 04:40:46
1575607247,24361,2800847,114.97257912236772,2019-12-06 04:40:47
1575607248,25602,2815248,109.96203421607687,2019-12-06 04:40:48
1575607249,23712,2636062,111.16995614035088,2019-12-06 04:40:49
1575607250,23736,2647958,111.5587293562521,2019-12-06 04:40:50
1575607251,24195,2717068,112.2987394089688,2019-12-06 04:40:51
1575607252,24078,2736078,113.63393969598803,2019-12-06 04:40:52
1575607253,26153,2979366,113.9206209612664,2019-12-06 04:40:53
1575607254,24530,2837142,115.66008968609866,2019-12-06 04:40:54
1575607255,24586,2841262,115.56422354185308,2019-12-06 04:40:55
1575607256,24188,2728908,112.8207375558128,2019-12-06 04:40:56
1575607257,23951,2700166,112.73708822178615,2019-12-06 04:40:57
1575607258,25932,2858921,110.24683788369582,2019-12-06 04:40:58
1575607259,24407,2751450,112.73200311386078,2019-12-06 04:40:59
1575607260,24561,2840452,115.64887423150523,2019-12-06 04:41:00
1575607261,24556,2842169,115.7423440299723,2019-12-06 04:41:01
1575607262,24295,2750358,113.2067503601564,2019-12-06 04:41:02
1575607263,25512,2772552,108.6763875823142,2019-12-06 04:41:03
1575607264,23852,2666110,111.77720945832634,2019-12-06 04:41:04
1575607265,23919,2693137,112.59404657385342,2019-12-06 04:41:05
1575607266,24420,2807860,114.98198198198199,2019-12-06 04:41:06
1575607267,24072,2727608,113.31040212695248,2019-12-06 04:41:07
1575607268,25790,2862984,111.01139976735169,2019-12-06 04:41:08
1575607269,23970,2738262,114.23704630788485,2019-12-06 04:41:09
1575607270,23784,2652534,111.52598385469223,2019-12-06 04:41:10
1575607271,24166,2682966,111.02234544401225,2019-12-06 04:41:11
1575607272,24124,2763714,114.56284198308738,2019-12-06 04:41:12
1575607273,25865,2855831,110.41295186545524,2019-12-06 04:41:13
1575607274,24574,2771026,112.76251322536014,2019-12-06 04:41:14
1575607275,24098,2685772,111.45207071126235,2019-12-06 04:41:15
1575607276,23832,2743290,115.1095166163142,2019-12-06 04:41:16
1575607277,23876,2691106,112.71176076394705,2019-12-06 04:41:17
1575607278,24307,2657698,109.33879129468878,2019-12-06 04:41:18
1575607279,24583,2699712,109.82028230891267,2019-12-06 04:41:19
1575607280,23615,2692134,114.00101630319712,2019-12-06 04:41:20
1575607281,23588,2689398,114.01551636425302,2019-12-06 04:41:21
1575607282,23727,2745352,115.70582037341426,2019-12-06 04:41:22
1575607283,23964,2755466,114.98355867134035,2019-12-06 04:41:23
1575607284,25564,2838140,111.02096698482241,2019-12-06 04:41:24
1575607285,23896,2703860,113.15115500502176,2019-12-06 04:41:25
1575607286,24182,2710628,112.0927962947647,2019-12-06 04:41:26
1575607287,23964,2703034,112.79561008178935,2019-12-06 04:41:27
1575607288,24254,2780614,114.6455842335285,2019-12-06 04:41:28
1575607289,25730,2796054,108.66902448503693,2019-12-06 04:41:29
1575607290,23880,2671890,111.88819095477388,2019-12-06 04:41:30
1575607291,24276,2768102,114.02628110067556,2019-12-06 04:41:31
1575607292,24073,2739498,113.79960952104017,2019-12-06 04:41:32
1575607293,23698,2631040,111.02371508144147,2019-12-06 04:41:33
1575607294,26177,3192276,121.94965045650763,2019-12-06 04:41:34
1575607295,23914,2718636,113.68386719076692,2019-12-06 04:41:35
1575607296,24736,2809222,113.56815976714101,2019-12-06 04:41:36
1575607297,23828,2629418,110.34992445862011,2019-12-06 04:41:37
1575607298,24334,2775492,114.05819018657023,2019-12-06 04:41:38
1575607299,25818,3175730,123.00449298938724,2019-12-06 04:41:39
1575607300,23141,2606626,112.6410267490601,2019-12-06 04:41:40
1575607301,23378,3002372,128.42723928479768,2019-12-06 04:41:41
1575607302,22515,2622748,116.48891849877859,2019-12-06 04:41:42
1575607303,22798,2563626,112.44960084217914,2019-12-06 04:41:43
1575607304,24675,2692642,109.12429584599798,2019-12-06 04:41:44
1575607305,23541,2650244,112.57992438723929,2019-12-06 04:41:45
1575607306,24205,2813633,116.24180954348274,2019-12-06 04:41:46
1575607307,24330,2734770,112.403205918619,2019-12-06 04:41:47
1575607308,24313,2806641,115.437872742977,2019-12-06 04:41:48
1575607309,25902,2831914,109.33186626515327,2019-12-06 04:41:49
1575607310,23958,2655536,110.84130561816512,2019-12-06 04:41:50
1575607311,23599,2622682,111.13530234331964,2019-12-06 04:41:51
1575607312,23942,2651065,110.72863587001922,2019-12-06 04:41:52
1575607313,24251,2776586,114.4936703641087,2019-12-06 04:41:53
1575607314,26105,2893992,110.8596820532465,2019-12-06 04:41:54
1575607315,24701,2827473,114.4679567628841,2019-12-06 04:41:55
1575607316,24282,2752110,113.33951074870274,2019-12-06 04:41:56
1575607317,24198,2692344,111.26307959335482,2019-12-06 04:41:57
1575607318,24149,2676287,110.82392645658206,2019-12-06 04:41:58
1575607319,25573,2797497,109.39260157197043,2019-12-06 04:41:59
1575607320,24490,2831744,115.62858309514087,2019-12-06 04:42:00
1575607321,24542,2785298,113.49107652188086,2019-12-06 04:42:01
1575607322,24136,2779548,115.16191581040769,2019-12-06 04:42:02
1575607323,24114,2693966,111.71792319814216,2019-12-06 04:42:03
1575607324,25553,2773594,108.54279340977575,2019-12-06 04:42:04
1575607325,23651,2636310,111.46716840725551,2019-12-06 04:42:05
1575607326,24142,2707854,112.163615276282,2019-12-06 04:42:06
1575607327,24636,2807558,113.96160090923851,2019-12-06 04:42:07
1575607328,24166,2821656,116.76140031449144,2019-12-06 04:42:08
1575607329,26553,2956884,111.35781267653373,2019-12-06 04:42:09
1575607330,24297,2717072,111.82746841173808,2019-12-06 04:42:10
1575607331,24066,2686958,111.64954707886645,2019-12-06 04:42:11
1575607332,24038,2690746,111.93718279390964,2019-12-06 04:42:12
1575607333,23696,2652728,111.94834571235651,2019-12-06 04:42:13
1575607334,26022,2904930,111.63361770809315,2019-12-06 04:42:14
1575607335,24534,2852016,116.24749327463928,2019-12-06 04:42:15
1575607336,24004,2744252,114.3247792034661,2019-12-06 04:42:16
1575607337,23988,2679306,111.6935967983992,2019-12-06 04:42:17
1575607338,23870,2652086,111.1054042731462,2019-12-06 04:42:18
1575607339,25464,2771370,108.83482563619228,2019-12-06 04:42:19
1575607340,23606,2626686,111.27196475472337,2019-12-06 04:42:20
1575607341,24686,2863702,116.00510410759135,2019-12-06 04:42:21
1575607342,24398,2823654,115.733010902533,2019-12-06 04:42:22
1575607343,24472,2793306,114.14293886891141,2019-12-06 04:42:23
1575607344,25504,2756576,108.0840652446675,2019-12-06 04:42:24
1575607345,24036,2670456,111.10234648027958,2019-12-06 04:42:25
1575607346,24041,2686310,111.73869639366083,2019-12-06 04:42:26
1575607347,23969,2652704,110.67228503483666,2019-12-06 04:42:27
1575607348,23846,2688672,112.75148871928207,2019-12-06 04:42:28
1575607349,26055,2906377,111.54776434465553,2019-12-06 04:42:29
1575607350,24604,2822222,114.70582019183873,2019-12-06 04:42:30
1575607351,14847,1619122,109.0538155856402,2019-12-06 04:42:31
1575607500,18297,2054546,112.28868120456906,2019-12-06 04:45:00
1575607501,24535,2806084,114.3706541675158,2019-12-06 04:45:01
1575607502,24024,2677980,111.47102897102897,2019-12-06 04:45:02
1575607503,23598,2643670,112.0294092719722,2019-12-06 04:45:03
1575607504,25668,3129204,121.91070593735391,2019-12-06 04:45:04
1575607505,24950,2889658,115.81795591182365,2019-12-06 04:45:05
1575607506,24746,2829042,114.32320375010103,2019-12-06 04:45:06
1575607507,24546,2790296,113.67619978815286,2019-12-06 04:45:07
1575607508,24284,2715552,111.82474056992258,2019-12-06 04:45:08
1575607509,25726,3110488,120.90834175542253,2019-12-06 04:45:09
1575607510,23740,2650928,111.66503791069924,2019-12-06 04:45:10
1575607511,24553,3054899,124.42060033397141,2019-12-06 04:45:11
1575607512,24475,2795813,114.23137895812053,2019-12-06 04:45:12
1575607513,25005,2934003,117.3366526694661,2019-12-06 04:45:13
1575607514,25939,2875560,110.8585527583947,2019-12-06 04:45:14
1575607515,23949,2652232,110.74499979122301,2019-12-06 04:45:15
1575607516,23844,2649798,111.13059889280322,2019-12-06 04:45:16
1575607517,23576,2633564,111.70529351883272,2019-12-06 04:45:17
1575607518,24219,2778518,114.72472026095214,2019-12-06 04:45:18
1575607519,25647,2847818,111.0390299060319,2019-12-06 04:45:19
1575607520,24950,2921282,117.08545090180361,2019-12-06 04:45:20
1575607521,24805,2894746,116.70010078613183,2019-12-06 04:45:21
1575607522,24249,2711872,111.83438492308962,2019-12-06 04:45:22
1575607523,23512,2600526,110.60420210956107,2019-12-06 04:45:23
1575607524,26220,2916708,111.23981693363844,2019-12-06 04:45:24
1575607525,23843,2679858,112.39600721385732,2019-12-06 04:45:25
1575607526,24552,2878248,117.23069403714565,2019-12-06 04:45:26
1575607527,25057,2935978,117.171967913158,2019-12-06 04:45:27
1575607528,24586,2835006,115.30976978768405,2019-12-06 04:45:28
1575607529,25909,2861573,110.4470647265429,2019-12-06 04:45:29
1575607530,24458,2802342,114.57772507972851,2019-12-06 04:45:30
1575607531,24076,2727098,113.27039375311513,2019-12-06 04:45:31
1575607532,24532,2807720,114.45132887656938,2019-12-06 04:45:32
1575607533,24700,2829250,114.54453441295547,2019-12-06 04:45:33
1575607534,25810,2888924,111.9304145679969,2019-12-06 04:45:34
1575607535,24190,2801986,115.83241008681273,2019-12-06 04:45:35
1575607536,24334,2719812,111.7700336977069,2019-12-06 04:45:36
1575607537,23902,2649102,110.83181323738599,2019-12-06 04:45:37
1575607538,24102,2679394,111.16894863496805,2019-12-06 04:45:38
1575607539,25540,2764634,108.24722004698512,2019-12-06 04:45:39
1575607540,23716,2659500,112.13948389273065,2019-12-06 04:45:40
1575607541,24498,2782710,113.58927259368112,2019-12-06 04:45:41
1575607542,24900,2918384,117.20417670682731,2019-12-06 04:45:42
1575607543,24060,2759115,114.67643391521197,2019-12-06 04:45:43
1575607544,25445,2761706,108.53629396738063,2019-12-06 04:45:44
1575607545,23447,2606136,111.15008316628993,2019-12-06 04:45:45
1575607546,23422,2611896,111.51464435146444,2019-12-06 04:45:46
1575607547,23318,2619642,112.34419761557595,2019-12-06 04:45:47
1575607548,23917,2713712,113.46372872851947,2019-12-06 04:45:48
1575607549,26000,2924560,112.48307692307692,2019-12-06 04:45:49
1575607550,24643,2867608,116.36602686361239,2019-12-06 04:45:50
1575607551,24190,2712278,112.12393551054154,2019-12-06 04:45:51
1575607552,23976,2696804,112.4793126459793,2019-12-06 04:45:52
1575607553,23640,2616288,110.67208121827412,2019-12-06 04:45:53
1575607554,24931,2759968,110.70426376799968,2019-12-06 04:45:54
1575607555,25530,2870304,112.42867215041129,2019-12-06 04:45:55
1575607556,24763,2838308,114.61890724064128,2019-12-06 04:45:56
1575607557,24294,2778906,114.38651518893553,2019-12-06 04:45:57
1575607558,24196,2717626,112.31715986113407,2019-12-06 04:45:58
1575607559,23913,2695469,112.71981767239576,2019-12-06 04:45:59
1575607560,25612,2784270,108.7095892550367,2019-12-06 04:46:00
1575607561,24574,2810686,114.37641409619924,2019-12-06 04:46:01
1575607562,24288,2771926,114.12738801054019,2019-12-06 04:46:02
1575607563,24032,2714342,112.94698735019973,2019-12-06 04:46:03
1575607564,24098,2737090,113.58162503112291,2019-12-06 04:46:04
1575607565,25889,2878164,111.17323959983004,2019-12-06 04:46:05
1575607566,23080,2579538,111.76507798960138,2019-12-06 04:46:06
1575607567,22227,2517702,113.27223646915913,2019-12-06 04:46:07
1575607568,22682,2665750,117.52711401111013,2019-12-06 04:46:08
1575607569,23102,2658638,115.08259025192623,2019-12-06 04:46:09
1575607570,24813,2716730,109.48817152299198,2019-12-06 04:46:10
1575607571,24075,2740450,113.82969885773625,2019-12-06 04:46:11
1575607572,23934,2734404,114.2476811230885,2019-12-06 04:46:12
1575607573,23605,2648796,112.21334463037492,2019-12-06 04:46:13
1575607574,24424,3057704,125.19259744513593,2019-12-06 04:46:14
1575607575,25599,2845148,111.14293527090902,2019-12-06 04:46:15
1575607576,24043,2713596,112.86428482302541,2019-12-06 04:46:16
1575607577,23765,2663810,112.08962760361877,2019-12-06 04:46:17
1575607578,24656,2824738,114.5659474367294,2019-12-06 04:46:18
1575607579,24443,3091438,126.475391727693,2019-12-06 04:46:19
1575607580,25390,2731320,107.57463568333989,2019-12-06 04:46:20
1575607581,24951,3159164,126.61472486072702,2019-12-06 04:46:21
1575607582,24175,2750324,113.76728024819027,2019-12-06 04:46:22
1575607583,23855,2664662,111.70245231607629,2019-12-06 04:46:23
1575607584,23448,2590512,110.47901740020471,2019-12-06 04:46:24
1575607585,25452,2769274,108.80378752160931,2019-12-06 04:46:25
1575607586,24678,2827088,114.55904044087852,2019-12-06 04:46:26
1575607587,24429,2764712,113.17335953170412,2019-12-06 04:46:27
1575607588,24173,2783850,115.16361229470897,2019-12-06 04:46:28
1575607589,24057,2710841,112.68408363470091,2019-12-06 04:46:29
1575607590,25437,2744720,107.90266147737547,2019-12-06 04:46:30
1575607591,23855,2655842,111.33271850765038,2019-12-06 04:46:31
1575607592,24259,2724058,112.29061379281916,2019-12-06 04:46:32
1575607593,24207,2787762,115.16346511339695,2019-12-06 04:46:33
1575607594,24786,2839756,114.57096748164287,2019-12-06 04:46:34
1575607595,26008,2867622,110.25922792986773,2019-12-06 04:46:35
1575607596,23912,2685486,112.3070424891268,2019-12-06 04:46:36
1575607597,23878,2671174,111.86757684898232,2019-12-06 04:46:37
1575607598,23932,2643598,110.46289486879492,2019-12-06 04:46:38
1575607599,23898,2682220,112.23617039082768,2019-12-06 04:46:39
1575607600,25619,2857628,111.54330770131543,2019-12-06 04:46:40
1575607601,24443,2790138,114.14875424456899,2019-12-06 04:46:41
1575607602,24788,2880662,116.21195739874133,2019-12-06 04:46:42
1575607603,24370,2694258,110.55633976200247,2019-12-06 04:46:43
1575607604,23928,2662112,111.255098629221,2019-12-06 04:46:44
1575607605,25436,2772864,109.01336688158516,2019-12-06 04:46:45
1575607606,23640,2617620,110.72842639593908,2019-12-06 04:46:46
1575607607,24486,2839562,115.96675651392633,2019-12-06 04:46:47
1575607608,24042,2744792,114.16654188503452,2019-12-06 04:46:48
1575607609,24036,2698838,112.28315859544017,2019-12-06 04:46:49
1575607610,25986,2930460,112.77072269683676,2019-12-06 04:46:50
1575607611,24272,2749796,113.29087013843112,2019-12-06 04:46:51
1575607612,24404,2767320,113.39616456318636,2019-12-06 04:46:52
1575607613,24202,2674642,110.5132633666639,2019-12-06 04:46:53
1575607614,24102,2739094,113.64592150029043,2019-12-06 04:46:54
1575607615,26002,2941884,113.14068148603954,2019-12-06 04:46:55
1575607616,24652,2812114,114.07244848288171,2019-12-06 04:46:56
1575607617,24341,2799566,115.0144201142106,2019-12-06 04:46:57
1575607618,24039,2667568,110.96834310911436,2019-12-06 04:46:58
1575607619,24209,2696073,111.36655789169318,2019-12-06 04:46:59
1575607620,25432,2745644,107.96020761245674,2019-12-06 04:47:00
1575607621,23937,2690894,112.41567447884029,2019-12-06 04:47:01
1575607622,24567,2837846,115.5145520413563,2019-12-06 04:47:02
1575607623,24730,2829974,114.4348564496563,2019-12-06 04:47:03
1575607624,24218,2743120,113.2678173259559,2019-12-06 04:47:04
1575607625,25522,2794988,109.51289083927593,2019-12-06 04:47:05
1575607626,23919,2656918,111.07981102888917,2019-12-06 04:47:06
1575607627,23978,2684828,111.9704729335224,2019-12-06 04:47:07
1575607628,24046,2702598,112.39283040838393,2019-12-06 04:47:08
1575607629,24187,2711380,112.10071526026378,2019-12-06 04:47:09
1575607630,26391,3017596,114.34185896707211,2019-12-06 04:47:10
1575607631,24202,2760390,114.05627634079828,2019-12-06 04:47:11
1575607632,24473,2787460,113.89939933804601,2019-12-06 04:47:12
1575607633,23685,2649158,111.84960945746253,2019-12-06 04:47:13
1575607634,23303,2595176,111.36660515813415,2019-12-06 04:47:14
1575607635,25296,2756690,108.97730866540165,2019-12-06 04:47:15
1575607636,23858,2694698,112.94735518484366,2019-12-06 04:47:16
1575607637,24336,2766234,113.66839250493096,2019-12-06 04:47:17
1575607638,24663,2894152,117.34793009771722,2019-12-06 04:47:18
1575607639,24396,2778992,113.911788817839,2019-12-06 04:47:19
1575607640,25936,2812616,108.44447871684146,2019-12-06 04:47:20
1575607641,23988,2687136,112.0200100050025,2019-12-06 04:47:21
1575607642,23930,2704908,113.03418303384872,2019-12-06 04:47:22
1575607643,24194,2723834,112.58303711664048,2019-12-06 04:47:23
1575607644,24713,3148888,127.41828187593575,2019-12-06 04:47:24
1575607645,26786,3075810,114.82901515717165,2019-12-06 04:47:25
1575607646,24114,2727516,113.10923115202787,2019-12-06 04:47:26
1575607647,24410,2785700,114.12126177795986,2019-12-06 04:47:27
1575607648,23518,2640116,112.25937579726167,2019-12-06 04:47:28
1575607649,24465,3052517,124.77077457592479,2019-12-06 04:47:29
1575607650,25350,2724543,107.47704142011834,2019-12-06 04:47:30
1575607651,24683,3082435,124.88088968115707,2019-12-06 04:47:31
1575607652,25015,2922579,116.83306016390166,2019-12-06 04:47:32
1575607653,24419,2776259,113.69257545354027,2019-12-06 04:47:33
1575607654,24476,2784369,113.75915182219318,2019-12-06 04:47:34
1575607655,25576,2768896,108.26149515170472,2019-12-06 04:47:35
1575607656,24005,2676396,111.49327223495105,2019-12-06 04:47:36
1575607657,23773,2644214,111.22761115551256,2019-12-06 04:47:37
1575607658,24330,2735248,112.42285244554049,2019-12-06 04:47:38
1575607659,24791,2857300,115.25553628332862,2019-12-06 04:47:39
1575607660,26191,2868433,109.51979687678974,2019-12-06 04:47:40
1575607661,24359,2795963,114.78151812471776,2019-12-06 04:47:41
1575607662,23866,2687728,112.61744741473225,2019-12-06 04:47:42
1575607663,23939,2678814,111.90166673628806,2019-12-06 04:47:43
1575607664,23850,2665432,111.75815513626834,2019-12-06 04:47:44
1575607665,26010,2898838,111.45090349865437,2019-12-06 04:47:45
1575607666,23986,2739564,114.2151254898691,2019-12-06 04:47:46
1575607667,23748,2643766,111.32583796530234,2019-12-06 04:47:47
1575607668,24352,2757228,113.22388304862024,2019-12-06 04:47:48
1575607669,24255,2791364,115.084065141208,2019-12-06 04:47:49
1575607670,25106,2748190,109.46347486656576,2019-12-06 04:47:50
1575607671,24176,2699572,111.66330244870946,2019-12-06 04:47:51
1575607672,24246,2758344,113.76490967582282,2019-12-06 04:47:52
1575607673,24050,2689254,111.81929313929314,2019-12-06 04:47:53
1575607674,24682,2829764,114.64889393079977,2019-12-06 04:47:54
1575607675,25960,2885812,111.16379044684129,2019-12-06 04:47:55
1575607676,23702,2668064,112.56704075605434,2019-12-06 04:47:56
1575607677,24312,2768128,113.8585060875288,2019-12-06 04:47:57
1575607678,24215,2745992,113.40045426388602,2019-12-06 04:47:58
1575607679,24712,2804337,113.48077856911623,2019-12-06 04:47:59
1575607680,26354,2930680,111.20437125294073,2019-12-06 04:48:00
1575607681,24024,2699624,112.37196137196138,2019-12-06 04:48:01
1575607682,23738,2633744,110.95054343247115,2019-12-06 04:48:02
1575607683,24646,2815192,114.22510752251887,2019-12-06 04:48:03
1575607684,23844,2716518,113.92878711625566,2019-12-06 04:48:04
1575607685,25699,2833599,110.2610607416631,2019-12-06 04:48:05
1575607686,24780,2814115,113.56396287328491,2019-12-06 04:48:06
1575607687,24256,2775938,114.44335422163589,2019-12-06 04:48:07
1575607688,24207,2712911,112.07134299995869,2019-12-06 04:48:08
1575607689,24090,2685680,111.48526359485264,2019-12-06 04:48:09
1575607690,25605,2792728,109.06963483694591,2019-12-06 04:48:10
1575607691,24919,2913510,116.91921826718568,2019-12-06 04:48:11
1575607692,24001,2741251,114.21403274863547,2019-12-06 04:48:12
1575607693,24918,2854198,114.54362308371458,2019-12-06 04:48:13
1575607694,23960,2672324,111.53272120200334,2019-12-06 04:48:14
1575607695,25534,2789750,109.25628573666484,2019-12-06 04:48:15
1575607696,24064,2725380,113.25548537234043,2019-12-06 04:48:16
1575607697,24474,2786718,113.86442755577347,2019-12-06 04:48:17
1575607698,24726,2883646,116.62403947261991,2019-12-06 04:48:18
1575607699,25060,2927776,116.83064644852354,2019-12-06 04:48:19
1575607700,26060,2915233,111.86619339984651,2019-12-06 04:48:20
1575607701,24027,2655092,110.50451575311108,2019-12-06 04:48:21
1575607702,23884,2690402,112.64453190420365,2019-12-06 04:48:22
1575607703,24284,2741614,112.89795750288256,2019-12-06 04:48:23
1575607704,24240,2753184,113.58019801980198,2019-12-06 04:48:24
1575607705,26378,2957988,112.13844870725605,2019-12-06 04:48:25
1575607706,24148,2763414,114.4365578929932,2019-12-06 04:48:26
1575607707,24446,2790132,114.13450053178434,2019-12-06 04:48:27
1575607708,23938,2702886,112.9119391762052,2019-12-06 04:48:28
1575607709,24391,2732265,112.01939239883563,2019-12-06 04:48:29
1575607710,25524,2799354,109.67536436295252,2019-12-06 04:48:30
1575607711,24676,2838868,115.0457124331334,2019-12-06 04:48:31
1575607712,24222,2735156,112.92032036991165,2019-12-06 04:48:32
1575607713,23889,2689876,112.5989367491314,2019-12-06 04:48:33
1575607714,24658,3121456,126.58999107794631,2019-12-06 04:48:34
1575607715,25893,2857505,110.35820492024871,2019-12-06 04:48:35
1575607716,24213,2744801,113.36063271796142,2019-12-06 04:48:36
1575607717,24380,2836056,116.32715340442986,2019-12-06 04:48:37
1575607718,23917,2671305,111.69063845800059,2019-12-06 04:48:38
1575607719,24488,3044576,124.32930414897092,2019-12-06 04:48:39
1575607720,25532,2777774,108.7957856807144,2019-12-06 04:48:40
1575607721,24618,3096483,125.78125761637826,2019-12-06 04:48:41
1575607722,25170,2954972,117.40055621771951,2019-12-06 04:48:42
1575607723,24142,2740360,113.51006544611052,2019-12-06 04:48:43
1575607724,23851,2689985,112.78290218439479,2019-12-06 04:48:44
1575607725,25360,2759486,108.81253943217665,2019-12-06 04:48:45
1575607726,23672,2635308,111.32595471443055,2019-12-06 04:48:46
1575607727,23899,2692655,112.66810326791916,2019-12-06 04:48:47
1575607728,24292,2771888,114.10703112135683,2019-12-06 04:48:48
1575607729,24040,2693612,112.04708818635608,2019-12-06 04:48:49
1575607730,26269,3030839,115.37702234573071,2019-12-06 04:48:50
1575607731,24400,2804042,114.91975409836066,2019-12-06 04:48:51
1575607732,24152,2691542,111.44178535939052,2019-12-06 04:48:52
1575607733,24044,2677160,111.34420229579105,2019-12-06 04:48:53
1575607734,23910,2665944,111.499121706399,2019-12-06 04:48:54
1575607735,25967,2821400,108.65329071513844,2019-12-06 04:48:55
1575607736,24491,2781230,113.56130823567841,2019-12-06 04:48:56
1575607737,24507,2850856,116.32823274982658,2019-12-06 04:48:57
1575607738,24375,2796680,114.73558974358974,2019-12-06 04:48:58
1575607739,24256,2755189,113.58793700527704,2019-12-06 04:48:59
1575607740,25395,2783088,109.59196692262256,2019-12-06 04:49:00
1575607741,23993,2696514,112.38752969616138,2019-12-06 04:49:01
1575607742,23877,2652684,111.09787661766553,2019-12-06 04:49:02
1575607743,24122,2696956,111.80482547052483,2019-12-06 04:49:03
1575607744,24306,2788652,114.73101291862092,2019-12-06 04:49:04
1575607745,26464,3036858,114.754307738815,2019-12-06 04:49:05
1575607746,24900,2877064,115.54473895582329,2019-12-06 04:49:06
1575607747,24559,2731648,111.22798159534183,2019-12-06 04:49:07
1575607748,23577,2634175,111.72647071298299,2019-12-06 04:49:08
1575607749,23886,2651890,111.02277484719082,2019-12-06 04:49:09
1575607750,25704,2863260,111.39355742296918,2019-12-06 04:49:10
1575607751,24958,2883428,115.53121243689398,2019-12-06 04:49:11
1575607752,25470,3020286,118.58209658421673,2019-12-06 04:49:12
1575607753,23946,2704936,112.9598262757872,2019-12-06 04:49:13
1575607754,24518,2811512,114.67134350273268,2019-12-06 04:49:14
1575607755,26190,2890098,110.3512027491409,2019-12-06 04:49:15
1575607756,24206,2734822,112.98116169544741,2019-12-06 04:49:16
1575607757,23846,2671142,112.01635494422544,2019-12-06 04:49:17
1575607758,24156,2719512,112.58122205663189,2019-12-06 04:49:18
1575607759,24290,2811184,115.73421160971593,2019-12-06 04:49:19
1575607760,25528,2789654,109.27820432466312,2019-12-06 04:49:20
1575607761,24828,2848384,114.72466570001612,2019-12-06 04:49:21
1575607762,24208,2738558,113.12615664243225,2019-12-06 04:49:22
1575607763,24144,2682962,111.12334327369119,2019-12-06 04:49:23
1575607764,23978,2677186,111.65176411710735,2019-12-06 04:49:24
1575607765,25628,2807186,109.53589823630404,2019-12-06 04:49:25
1575607766,24116,2751442,114.09197213468236,2019-12-06 04:49:26
1575607767,24003,2732154,113.82552180977378,2019-12-06 04:49:27
1575607768,24645,2809090,113.98214648001623,2019-12-06 04:49:28
1575607769,23855,2707221,113.48652274156362,2019-12-06 04:49:29
1575607770,25560,2772066,108.45328638497652,2019-12-06 04:49:30
1575607771,24380,2702172,110.83560295324035,2019-12-06 04:49:31
1575607772,24326,2735972,112.47110087971717,2019-12-06 04:49:32
1575607773,24229,2801075,115.60836188039127,2019-12-06 04:49:33
1575607774,24330,2715528,111.61233045622689,2019-12-06 04:49:34
1575607775,25730,2767576,107.56222308589196,2019-12-06 04:49:35
1575607776,24609,2857171,116.10268600918363,2019-12-06 04:49:36
1575607777,24224,2750228,113.53319022457067,2019-12-06 04:49:37
1575607778,23908,2684620,112.28961017232726,2019-12-06 04:49:38
1575607779,24851,2848551,114.6252062291256,2019-12-06 04:49:39
1575607780,25526,2804422,109.86531379769647,2019-12-06 04:49:40
1575607781,23897,2668166,111.65275976063941,2019-12-06 04:49:41
1575607782,23776,2650395,111.47354475100943,2019-12-06 04:49:42
1575607783,23620,2662932,112.74055884843354,2019-12-06 04:49:43
1575607784,24634,3138538,127.40675489161322,2019-12-06 04:49:44
1575607785,25845,2853989,110.42712323466822,2019-12-06 04:49:45
1575607786,24706,2847064,115.23775601068566,2019-12-06 04:49:46
1575607787,24278,2708134,111.5468325232721,2019-12-06 04:49:47
1575607788,23615,2629769,111.36011009951302,2019-12-06 04:49:48
1575607789,23911,2981350,124.68529128852829,2019-12-06 04:49:49
1575607790,25428,2793582,109.86243511090137,2019-12-06 04:49:50
1575607791,24645,3117486,126.49567863664029,2019-12-06 04:49:51
1575607792,24380,2815498,115.48392124692371,2019-12-06 04:49:52
1575607793,24016,2764566,115.11350766155896,2019-12-06 04:49:53
1575607794,23960,2698738,112.63514190317196,2019-12-06 04:49:54
1575607795,25554,2738942,107.18251545746263,2019-12-06 04:49:55
1575607796,23522,2612426,111.06308987331009,2019-12-06 04:49:56
1575607797,23582,2643694,112.10643711305232,2019-12-06 04:49:57
1575607798,24086,2695454,111.90957402640538,2019-12-06 04:49:58
1575607799,24501,2864561,116.91608505775274,2019-12-06 04:49:59
1575607800,26230,2971032,113.2684712161647,2019-12-06 04:50:00
1575607801,24065,2694576,111.97074589653023,2019-12-06 04:50:01
1575607802,23907,2654510,111.0348433513197,2019-12-06 04:50:02
1575607803,24116,2704612,112.15010781224083,2019-12-06 04:50:03
1575607804,23756,2637368,111.01902677218386,2019-12-06 04:50:04
1575607805,25742,2807858,109.07691710045839,2019-12-06 04:50:05
1575607806,24046,2716030,112.95142643267071,2019-12-06 04:50:06
1575607807,24792,2869586,115.74645046789287,2019-12-06 04:50:07
1575607808,24761,2861162,115.55114898428981,2019-12-06 04:50:08
1575607809,23928,2718484,113.61099966566366,2019-12-06 04:50:09
1575607810,25071,2687524,107.19652187786686,2019-12-06 04:50:10
1575607811,23167,2583734,111.52648163335779,2019-12-06 04:50:11
1575607812,23473,2651804,112.97252162058535,2019-12-06 04:50:12
1575607813,23826,2690662,112.92965667757912,2019-12-06 04:50:13
1575607814,24382,2869612,117.69387252891477,2019-12-06 04:50:14
1575607815,25758,2912692,113.07912104977095,2019-12-06 04:50:15
1575607816,24590,2777374,112.94729564863766,2019-12-06 04:50:16
1575607817,24114,2705484,112.19557103757154,2019-12-06 04:50:17
1575607818,24094,2720456,112.9101021001079,2019-12-06 04:50:18
1575607819,23970,2663440,111.11556111806425,2019-12-06 04:50:19
1575607820,25514,2819780,110.51893078309948,2019-12-06 04:50:20
1575607821,25032,2928296,116.98210290827741,2019-12-06 04:50:21
1575607822,24364,2816204,115.58873748153013,2019-12-06 04:50:22
1575607823,24002,2667456,111.13473877176902,2019-12-06 04:50:23
1575607824,23942,2646060,110.51958900676635,2019-12-06 04:50:24
1575607825,25484,2745798,107.74595824831266,2019-12-06 04:50:25
1575607826,24034,2698284,112.26945161021885,2019-12-06 04:50:26
1575607827,24522,2802784,114.29671315553381,2019-12-06 04:50:27
1575607828,24252,2765648,114.03793501566881,2019-12-06 04:50:28
1575607829,24106,2794537,115.9270306147847,2019-12-06 04:50:29
1575607830,25070,2727346,108.78923015556443,2019-12-06 04:50:30
1575607831,22928,2564006,111.82859385903699,2019-12-06 04:50:31
1575607832,23030,2577334,111.91202778983934,2019-12-06 04:50:32
1575607833,22876,2651728,115.91746808882672,2019-12-06 04:50:33
1575607834,23398,2714012,115.99333276348406,2019-12-06 04:50:34
1575607835,24623,2707796,109.97019047232263,2019-12-06 04:50:35
1575607836,23226,2671442,115.01946094893654,2019-12-06 04:50:36
1575607837,23782,2711472,114.0136237490539,2019-12-06 04:50:37
1575607838,23676,2651640,111.99695894576787,2019-12-06 04:50:38
1575607839,23688,2639636,111.43346842283013,2019-12-06 04:50:39
1575607840,26131,2942082,112.58972102100952,2019-12-06 04:50:40
1575607841,23985,2713426,113.13012299353763,2019-12-06 04:50:41
1575607842,24066,2696924,112.06365827308235,2019-12-06 04:50:42
1575607843,23994,2682670,111.80586813370009,2019-12-06 04:50:43
1575607844,24341,2802604,115.13923010558317,2019-12-06 04:50:44
1575607845,24570,2752622,112.03182743182744,2019-12-06 04:50:45
1575607846,24990,2760338,110.4577030812325,2019-12-06 04:50:46
1575607847,24416,2819082,115.4604357798165,2019-12-06 04:50:47
1575607848,23881,2681210,112.27377413006155,2019-12-06 04:50:48
1575607849,23907,2656804,111.13079851089638,2019-12-06 04:50:49
1575607850,23784,2648212,111.3442650521359,2019-12-06 04:50:50
1575607851,25846,2901296,112.25319198328562,2019-12-06 04:50:51
1575607852,24050,2764658,114.9545945945946,2019-12-06 04:50:52
1575607853,24469,2784838,113.81086272426336,2019-12-06 04:50:53
1575607854,24247,3085676,127.26011465335918,2019-12-06 04:50:54
1575607855,23642,2658242,112.43727265036799,2019-12-06 04:50:55
1575607856,25836,2784990,107.79493729679517,2019-12-06 04:50:56
1575607857,23808,2658756,111.67489919354838,2019-12-06 04:50:57
1575607858,24546,2790726,113.69371791737962,2019-12-06 04:50:58
1575607859,25043,3191897,127.45665455416683,2019-12-06 04:50:59
1575607860,24934,2916076,116.95179273281462,2019-12-06 04:51:00
1575607861,25803,3114778,120.71379296980972,2019-12-06 04:51:01
1575607862,24063,2671210,111.00901799443129,2019-12-06 04:51:02
1575607863,23685,2657762,112.21287734853283,2019-12-06 04:51:03
1575607864,24020,2674310,111.3368026644463,2019-12-06 04:51:04
1575607865,24280,2709360,111.58813838550248,2019-12-06 04:51:05
1575607866,25506,2836650,111.21500823335685,2019-12-06 04:51:06
1575607867,24954,2929560,117.39841308006733,2019-12-06 04:51:07
1575607868,24185,2751238,113.75803183791606,2019-12-06 04:51:08
1575607869,24056,2703048,112.36481543066179,2019-12-06 04:51:09
1575607870,24035,2677690,111.40794674433118,2019-12-06 04:51:10
1575607871,25437,2751892,108.18461296536542,2019-12-06 04:51:11
1575607872,24316,2741516,112.74535285408784,2019-12-06 04:51:12
1575607873,24282,2755702,113.48743925541554,2019-12-06 04:51:13
1575607874,24756,2864660,115.71578607206334,2019-12-06 04:51:14
1575607875,24078,2778126,115.38026414154,2019-12-06 04:51:15
1575607876,25598,2764602,108.00070317993593,2019-12-06 04:51:16
1575607877,23928,2656598,111.02465730524908,2019-12-06 04:51:17
1575607878,23325,2588244,110.9643729903537,2019-12-06 04:51:18
1575607879,23833,2715208,113.9264045650988,2019-12-06 04:51:19
1575607880,24426,2758906,112.94956194219274,2019-12-06 04:51:20
1575607881,26499,2996632,113.08472017811992,2019-12-06 04:51:21
1575607882,24610,2864200,116.38358390898009,2019-12-06 04:51:22
1575607883,24417,2757062,112.91567350616374,2019-12-06 04:51:23
1575607884,23480,2593292,110.44684838160136,2019-12-06 04:51:24
1575607885,23504,2617976,111.38427501701838,2019-12-06 04:51:25
1575607886,25666,2792814,108.81376139639991,2019-12-06 04:51:26
1575607887,24276,2741992,112.95073323447026,2019-12-06 04:51:27
1575607888,24590,2886460,117.38348922326149,2019-12-06 04:51:28
1575607889,24684,2873025,116.3921973748177,2019-12-06 04:51:29
1575607890,23955,2697294,112.59837194740138,2019-12-06 04:51:30
1575607891,25844,2773986,107.33578393437548,2019-12-06 04:51:31
1575607892,23987,2676418,111.57785467128028,2019-12-06 04:51:32
1575607893,23801,2682186,112.69215579177346,2019-12-06 04:51:33
1575607894,23887,2688180,112.53736341943316,2019-12-06 04:51:34
1575607895,24582,2869324,116.72459523228379,2019-12-06 04:51:35
1575607896,25716,2940190,114.33310001555452,2019-12-06 04:51:36
1575607897,23983,2703778,112.73727223449944,2019-12-06 04:51:37
1575607898,23891,2680224,112.18550918756017,2019-12-06 04:51:38
1575607899,22974,2594073,112.91342387046227,2019-12-06 04:51:39
1575607900,23354,2615348,111.9871542348206,2019-12-06 04:51:40
1575607901,25433,2780133,109.31203554437148,2019-12-06 04:51:41
1575607902,24247,2832058,116.80034643461046,2019-12-06 04:51:42
1575607903,24716,2871312,116.17219614824405,2019-12-06 04:51:43
1575607904,24054,2698692,112.19306560239461,2019-12-06 04:51:44
1575607905,24278,2705664,111.44509432407942,2019-12-06 04:51:45
1575607906,25008,2699228,107.93458093410109,2019-12-06 04:51:46
1575607907,24177,2728695,112.86325846879265,2019-12-06 04:51:47
1575607908,23821,2678835,112.4568657906889,2019-12-06 04:51:48
1575607909,24583,2870287,116.75902046129438,2019-12-06 04:51:49
1575607910,24360,2756578,113.16001642036125,2019-12-06 04:51:50
1575607911,26469,2962495,111.92319316936793,2019-12-06 04:51:51
1575607912,23948,2709448,113.13880073492567,2019-12-06 04:51:52
1575607913,23810,2657134,111.59739605207896,2019-12-06 04:51:53
1575607914,23716,2636656,111.17625231910947,2019-12-06 04:51:54
1575607915,23991,2682703,111.82122462590138,2019-12-06 04:51:55
1575607916,25828,2903662,112.42302927055908,2019-12-06 04:51:56
1575607917,24000,2718040,113.25166666666667,2019-12-06 04:51:57
1575607918,24244,2769648,114.24055436396634,2019-12-06 04:51:58
1575607919,24187,2756827,113.97969983875636,2019-12-06 04:51:59
1575607920,23630,2657400,112.45873889123995,2019-12-06 04:52:00
1575607921,25342,2730164,107.73277562938995,2019-12-06 04:52:01
1575607922,24486,2775816,113.36339132565547,2019-12-06 04:52:02
1575607923,24477,2829219,115.58683662213507,2019-12-06 04:52:03
1575607924,24023,2991052,124.50784664696333,2019-12-06 04:52:04
1575607925,23739,2658464,111.98719406883188,2019-12-06 04:52:05
1575607926,26017,2869052,110.2760502748203,2019-12-06 04:52:06
1575607927,23936,2748082,114.80957553475936,2019-12-06 04:52:07
1575607928,23978,2690068,112.18900658937359,2019-12-06 04:52:08
1575607929,24202,3033140,125.32600611519709,2019-12-06 04:52:09
1575607930,24664,2857198,115.84487512163477,2019-12-06 04:52:10
1575607931,26059,3147062,120.76679841897233,2019-12-06 04:52:11
1575607932,23794,2648992,111.33025132386315,2019-12-06 04:52:12
1575607933,24283,2716945,111.88671086768521,2019-12-06 04:52:13
1575607934,24457,2834170,115.88379605021058,2019-12-06 04:52:14
1575607935,23464,2663672,113.5216501875213,2019-12-06 04:52:15
1575607936,25400,2743220,108.0007874015748,2019-12-06 04:52:16
1575607937,23766,2675932,112.59496760077421,2019-12-06 04:52:17
1575607938,24884,2897082,116.42348497026201,2019-12-06 04:52:18
1575607939,23841,2682781,112.52803993121094,2019-12-06 04:52:19
1575607940,24068,2701310,112.23657969087586,2019-12-06 04:52:20
1575607941,25632,2858020,111.50202871410737,2019-12-06 04:52:21
1575607942,24118,2735336,113.4147110042292,2019-12-06 04:52:22
1575607943,23820,2669604,112.07405541561712,2019-12-06 04:52:23
1575607944,24278,2760108,113.6876184199687,2019-12-06 04:52:24
1575607945,24208,2763906,114.1732485128883,2019-12-06 04:52:25
1575607946,25520,2763280,108.27899686520377,2019-12-06 04:52:26
1575607947,24027,2665674,110.94493694593582,2019-12-06 04:52:27
1575607948,24125,2758568,114.34478756476683,2019-12-06 04:52:28
1575607949,24207,2784063,115.0106580741108,2019-12-06 04:52:29
1575607950,24180,2734036,113.0701406120761,2019-12-06 04:52:30
1575607951,25980,2926010,112.62548113933795,2019-12-06 04:52:31
1575607952,23968,2699926,112.64711281708945,2019-12-06 04:52:32
1575607953,24002,2678714,111.60378301808183,2019-12-06 04:52:33
1575607954,23764,2644808,111.29473152667902,2019-12-06 04:52:34
1575607955,24246,2735940,112.84088097005692,2019-12-06 04:52:35
1575607956,25836,2880528,111.49280074314909,2019-12-06 04:52:36
1575607957,24356,2797716,114.86763015273444,2019-12-06 04:52:37
1575607958,24329,2734476,112.39574170742735,2019-12-06 04:52:38
1575607959,24421,2790744,114.27640145776176,2019-12-06 04:52:39
1575607960,23742,2663398,112.18086092157358,2019-12-06 04:52:40
1575607961,25392,2756670,108.56450850661626,2019-12-06 04:52:41
1575607962,23824,2664562,111.84360308932169,2019-12-06 04:52:42
1575607963,24500,2841026,115.96024489795919,2019-12-06 04:52:43
1575607964,24392,2778610,113.91480813381436,2019-12-06 04:52:44
1575607965,24452,2849178,116.52126615409783,2019-12-06 04:52:45
1575607966,25608,2788704,108.89971883786316,2019-12-06 04:52:46
1575607967,23766,2657350,111.81309433644702,2019-12-06 04:52:47
1575607968,23584,2634596,111.71116010854817,2019-12-06 04:52:48
1575607969,23764,2649632,111.49772765527689,2019-12-06 04:52:49
1575607970,24514,2785244,113.61850371216448,2019-12-06 04:52:50
1575607971,26355,2996087,113.68191993929045,2019-12-06 04:52:51
1575607972,24282,2792462,115.00131784861215,2019-12-06 04:52:52
1575607973,24208,2707260,111.83327825512228,2019-12-06 04:52:53
1575607974,23794,2638932,110.90745566109103,2019-12-06 04:52:54
1575607975,23758,2673360,112.52462328478828,2019-12-06 04:52:55
1575607976,25698,2792220,108.65514826056503,2019-12-06 04:52:56
1575607977,24370,2786082,114.3242511284366,2019-12-06 04:52:57
1575607978,24640,2857456,115.96818181818182,2019-12-06 04:52:58
1575607979,24278,2786151,114.76031798335941,2019-12-06 04:52:59
1575607980,24189,2722150,112.53669023109678,2019-12-06 04:53:00
1575607981,25583,2770466,108.29324160575382,2019-12-06 04:53:01
1575607982,24237,2706622,111.6731443660519,2019-12-06 04:53:02
1575607983,23720,2649178,111.68541315345699,2019-12-06 04:53:03
1575607984,24398,2807762,115.08164603656037,2019-12-06 04:53:04
1575607985,24542,2817018,114.7835547225165,2019-12-06 04:53:05
1575607986,26110,2931892,112.29000382995021,2019-12-06 04:53:06
1575607987,24562,2747160,111.84594088429282,2019-12-06 04:53:07
1575607988,23770,2629832,110.63660075725704,2019-12-06 04:53:08
1575607989,23825,2650916,111.26614900314796,2019-12-06 04:53:09
1575607990,23755,2676800,112.68364554830562,2019-12-06 04:53:10
1575607991,25963,2863618,110.29611370026576,2019-12-06 04:53:11
1575607992,24318,2788006,114.6478328809935,2019-12-06 04:53:12
1575607993,24444,2845024,116.38946162657503,2019-12-06 04:53:13
1575607994,24575,3060478,124.53623601220752,2019-12-06 04:53:14
1575607995,23762,2623668,110.41444322868445,2019-12-06 04:53:15
1575607996,25222,2765878,109.66132741257633,2019-12-06 04:53:16
1575607997,23982,2689446,112.14435826870152,2019-12-06 04:53:17
1575607998,23662,2652686,112.10742963401233,2019-12-06 04:53:18
1575607999,24926,3216802,129.054080077028,2019-12-06 04:53:19
1575608000,24343,2778179,114.12640184036479,2019-12-06 04:53:20
1575608001,26071,3181717,122.04046641862605,2019-12-06 04:53:21
1575608002,24074,2714642,112.76239926892083,2019-12-06 04:53:22
1575608003,23940,2648680,110.63826232247285,2019-12-06 04:53:23
1575608004,23596,2619972,111.03458213256484,2019-12-06 04:53:24
1575608005,23762,2644772,111.30258395757933,2019-12-06 04:53:25
1575608006,26250,2896602,110.34674285714286,2019-12-06 04:53:26
1575608007,24336,2831026,116.33078566732412,2019-12-06 04:53:27
1575608008,24236,2787958,115.03375144413269,2019-12-06 04:53:28
1575608009,23805,2652383,111.42125603864734,2019-12-06 04:53:29
1575608010,24106,2663508,110.49149589313863,2019-12-06 04:53:30
1575608011,25688,2809944,109.38741824976643,2019-12-06 04:53:31
1575608012,24096,2724446,113.06631806108898,2019-12-06 04:53:32
1575608013,24156,2749758,113.83333333333333,2019-12-06 04:53:33
1575608014,24362,2816790,115.62228060093588,2019-12-06 04:53:34
1575608015,24876,2890416,116.19295706705257,2019-12-06 04:53:35
1575608016,25188,2728834,108.3386533269811,2019-12-06 04:53:36
1575608017,23862,2631782,110.29176095884671,2019-12-06 04:53:37
1575608018,23620,2624068,111.09517358171041,2019-12-06 04:53:38
1575608019,24040,2700444,112.33128119800332,2019-12-06 04:53:39
1575608020,23880,2677446,112.12085427135679,2019-12-06 04:53:40
1575608021,25926,2913286,112.369281802052,2019-12-06 04:53:41
1575608022,24998,2889718,115.59796783742699,2019-12-06 04:53:42
1575608023,24030,2758938,114.81223470661674,2019-12-06 04:53:43
1575608024,23640,2617778,110.73510998307952,2019-12-06 04:53:44
1575608025,23866,2664246,111.63353724964385,2019-12-06 04:53:45
1575608026,25536,2798756,109.60040726817043,2019-12-06 04:53:46
1575608027,24034,2699610,112.32462345011234,2019-12-06 04:53:47
1575608028,24424,2789853,114.22588437602359,2019-12-06 04:53:48
1575608029,24959,2960275,118.60551304138788,2019-12-06 04:53:49
1575608030,23632,2697990,114.166807718348,2019-12-06 04:53:50
1575608031,25669,2803036,109.19926759904943,2019-12-06 04:53:51
1575608032,24268,2725276,112.29915938684688,2019-12-06 04:53:52
1575608033,23887,2693734,112.76987482731192,2019-12-06 04:53:53
1575608034,24124,2732338,113.26222848615487,2019-12-06 04:53:54
1575608035,24514,2786374,113.66459982051073,2019-12-06 04:53:55
1575608036,26504,3059458,115.43382130999095,2019-12-06 04:53:56
1575608037,24134,2747676,113.85083284992128,2019-12-06 04:53:57
1575608038,24296,2712820,111.65706289101087,2019-12-06 04:53:58
1575608039,24511,2809913,114.63885602382604,2019-12-06 04:53:59
1575608040,24506,2832192,115.57137027666694,2019-12-06 04:54:00
1575608041,26026,2919668,112.18274033658649,2019-12-06 04:54:01
1575608042,24858,2901945,116.74088824523292,2019-12-06 04:54:02
1575608043,24278,2721317,112.0898344179916,2019-12-06 04:54:03
1575608044,23620,2645874,112.01837425910246,2019-12-06 04:54:04
1575608045,24830,2854390,114.9573097060008,2019-12-06 04:54:05
1575608046,25903,2860540,110.43276840520403,2019-12-06 04:54:06
1575608047,23659,2641474,111.64774504416924,2019-12-06 04:54:07
1575608048,23963,2753131,114.890915160873,2019-12-06 04:54:08
1575608049,23634,2700854,114.27832783278328,2019-12-06 04:54:09
1575608050,24262,2713253,111.83138240870497,2019-12-06 04:54:10
1575608051,25413,2727364,107.32160705150908,2019-12-06 04:54:11
1575608052,24500,2856110,116.57591836734694,2019-12-06 04:54:12
1575608053,24019,2728850,113.61214038885882,2019-12-06 04:54:13
1575608054,23854,2668248,111.85746625303932,2019-12-06 04:54:14
1575608055,24165,2808674,116.22900889716531,2019-12-06 04:54:15
1575608056,25532,2783108,109.00469998433339,2019-12-06 04:54:16
1575608057,24048,2688808,111.81004657351963,2019-12-06 04:54:17
1575608058,23661,2630592,111.17839482693039,2019-12-06 04:54:18
1575608059,24003,2697068,112.36378785985085,2019-12-06 04:54:19
1575608060,24531,2818498,114.8953568953569,2019-12-06 04:54:20
1575608061,25853,2842390,109.94430046803079,2019-12-06 04:54:21
1575608062,24218,2806496,115.88471384920307,2019-12-06 04:54:22
1575608063,23935,2691204,112.43801963651556,2019-12-06 04:54:23
1575608064,24332,3029146,124.49227354923558,2019-12-06 04:54:24
1575608065,23850,2674950,112.15723270440252,2019-12-06 04:54:25
1575608066,25436,2769368,108.87592388740369,2019-12-06 04:54:26
1575608067,24778,2839118,114.58221002502219,2019-12-06 04:54:27
1575608068,23708,2677818,112.94997469208705,2019-12-06 04:54:28
1575608069,24648,3137875,127.3074894514768,2019-12-06 04:54:29
1575608070,24272,2752524,113.40326301911668,2019-12-06 04:54:30
1575608071,25669,3114618,121.33772254470372,2019-12-06 04:54:31
1575608072,23950,2681288,111.95356993736952,2019-12-06 04:54:32
1575608073,24255,2715970,111.97567511853227,2019-12-06 04:54:33
1575608074,24135,2717766,112.60683654443754,2019-12-06 04:54:34
1575608075,24087,2776122,115.25395441524473,2019-12-06 04:54:35
1575608076,25373,2827068,111.4203286958578,2019-12-06 04:54:36
1575608077,23748,2731578,115.02349671551289,2019-12-06 04:54:37
1575608078,23716,2650158,111.74557260920898,2019-12-06 04:54:38
1575608079,23366,2627448,112.44748780279038,2019-12-06 04:54:39
1575608080,23866,2647060,110.9134333361267,2019-12-06 04:54:40
1575608081,25482,2791096,109.53206184757869,2019-12-06 04:54:41
1575608082,24266,2760092,113.74317975768565,2019-12-06 04:54:42
1575608083,24823,2897082,116.70958385368408,2019-12-06 04:54:43
1575608084,24110,2793806,115.87747822480299,2019-12-06 04:54:44
1575608085,23968,2667380,111.28921895861149,2019-12-06 04:54:45
1575608086,25408,2754520,108.41152392947103,2019-12-06 04:54:46
1575608087,23774,2659896,111.88256078068478,2019-12-06 04:54:47
1575608088,24078,2707216,112.43525209735027,2019-12-06 04:54:48
1575608089,24474,2743466,112.09716433766447,2019-12-06 04:54:49
1575608090,24733,2858926,115.5915578377067,2019-12-06 04:54:50
1575608091,26174,2960382,113.10391992053182,2019-12-06 04:54:51
1575608092,24409,2771064,113.52632225818346,2019-12-06 04:54:52
1575608093,24225,2728948,112.65007223942209,2019-12-06 04:54:53
1575608094,23828,2712520,113.83750209837166,2019-12-06 04:54:54
1575608095,23389,2615994,111.84719312497327,2019-12-06 04:54:55
1575608096,25349,2771602,109.33772535405735,2019-12-06 04:54:56
1575608097,23834,2722460,114.22589577913905,2019-12-06 04:54:57
1575608098,24270,2850444,117.44721878862794,2019-12-06 04:54:58
1575608099,23470,2723557,116.04418406476353,2019-12-06 04:54:59
1575608100,22919,2592172,113.10144421658886,2019-12-06 04:55:00
1575608101,24612,2744120,111.49520559076873,2019-12-06 04:55:01
1575608102,23346,2656220,113.77623575773151,2019-12-06 04:55:02
1575608103,24006,2717608,113.20536532533534,2019-12-06 04:55:03
1575608104,24243,2775173,114.47316751227159,2019-12-06 04:55:04
1575608105,24346,2853437,117.2035241928859,2019-12-06 04:55:05
1575608106,25707,2826810,109.962656085891,2019-12-06 04:55:06
1575608107,24089,2721532,112.97820582008386,2019-12-06 04:55:07
1575608108,23710,2629392,110.89801771404471,2019-12-06 04:55:08
1575608109,24110,2697390,111.87847366238076,2019-12-06 04:55:09
1575608110,23775,2645624,111.27756046267088,2019-12-06 04:55:10
1575608111,26100,2928288,112.19494252873564,2019-12-06 04:55:11
1575608112,24759,2926221,118.1881739973343,2019-12-06 04:55:12
1575608113,24591,2820991,114.71640030905616,2019-12-06 04:55:13
1575608114,24227,2700742,111.47653444504066,2019-12-06 04:55:14
1575608115,23527,2610071,110.93938878735071,2019-12-06 04:55:15
1575608116,25698,2801656,109.022336368589,2019-12-06 04:55:16
1575608117,23700,2643182,111.52666666666667,2019-12-06 04:55:17
1575608118,24515,2823672,115.1813991433816,2019-12-06 04:55:18
1575608119,24300,2790577,114.83855967078189,2019-12-06 04:55:19
1575608120,24544,2807546,114.38828226857888,2019-12-06 04:55:20
1575608121,25324,2753888,108.74616964144685,2019-12-06 04:55:21
1575608122,23922,2646302,110.62210517515258,2019-12-06 04:55:22
1575608123,24328,2715380,111.61542255836896,2019-12-06 04:55:23
1575608124,24158,2722776,112.70701216988161,2019-12-06 04:55:24
1575608125,24467,2830444,115.68414599256141,2019-12-06 04:55:25
1575608126,26192,2927963,111.78844685400122,2019-12-06 04:55:26
1575608127,24422,2776470,113.6872492015396,2019-12-06 04:55:27
1575608128,23768,2640478,111.09382362840795,2019-12-06 04:55:28
1575608129,24135,2734161,113.28614045991299,2019-12-06 04:55:29
1575608130,24044,2681812,111.53768091831643,2019-12-06 04:55:30
1575608131,25508,2762552,108.30139564058335,2019-12-06 04:55:31
1575608132,23932,2679426,111.95996991475849,2019-12-06 04:55:32
1575608133,24357,2842360,116.69581639775014,2019-12-06 04:55:33
1575608134,24437,3074424,125.81020583541351,2019-12-06 04:55:34
1575608135,24780,2844494,114.78991121872478,2019-12-06 04:55:35
1575608136,25018,2750842,109.9545127508194,2019-12-06 04:55:36
1575608137,24688,2716922,110.0503078418665,2019-12-06 04:55:37
1575608138,23988,2664370,111.07095214273804,2019-12-06 04:55:38
1575608139,24103,3017094,125.17504045139609,2019-12-06 04:55:39
1575608140,24132,2716540,112.57003149345267,2019-12-06 04:55:40
1575608141,24903,3180202,127.70356985102197,2019-12-06 04:55:41
1575608142,26349,2956320,112.198565410452,2019-12-06 04:55:42
1575608143,24232,2774376,114.49224166391548,2019-12-06 04:55:43
1575608144,24074,2690988,111.77984547644762,2019-12-06 04:55:44
1575608145,23582,2631342,111.58264778220676,2019-12-06 04:55:45
1575608146,23926,2694007,112.59746719050405,2019-12-06 04:55:46
1575608147,25462,2755752,108.22998978870474,2019-12-06 04:55:47
1575608148,23942,2735312,114.2474312922897,2019-12-06 04:55:48
1575608149,24681,2865769,116.11235363234877,2019-12-06 04:55:49
1575608150,24968,2871260,114.9975969240628,2019-12-06 04:55:50
1575608151,23696,2634300,111.17066171505739,2019-12-06 04:55:51
1575608152,25426,2765247,108.75666640446786,2019-12-06 04:55:52
1575608153,23899,2664458,111.48826310724299,2019-12-06 04:55:53
1575608154,24292,2736008,112.63000164663264,2019-12-06 04:55:54
1575608155,24551,2762565,112.52352246344344,2019-12-06 04:55:55
1575608156,24810,2849262,114.84328899637244,2019-12-06 04:55:56
1575608157,25820,2894744,112.1124709527498,2019-12-06 04:55:57
1575608158,24197,2720091,112.41439021366286,2019-12-06 04:55:58
1575608159,23676,2638597,111.44606352424395,2019-12-06 04:55:59
1575608160,23793,2662742,111.91283150506452,2019-12-06 04:56:00
1575608161,23534,2631466,111.81550097730943,2019-12-06 04:56:01
1575608162,25842,2822358,109.2159275597864,2019-12-06 04:56:02
1575608163,24569,2866926,116.68875412104684,2019-12-06 04:56:03
1575608164,23942,2766726,115.55951883718987,2019-12-06 04:56:04
1575608165,23840,2707968,113.58926174496645,2019-12-06 04:56:05
1575608166,23740,2681802,112.96554338668913,2019-12-06 04:56:06
1575608167,25449,2772930,108.96027348815278,2019-12-06 04:56:07
1575608168,23536,2607316,110.77991162474507,2019-12-06 04:56:08
1575608169,24424,2747708,112.50032754667541,2019-12-06 04:56:09
1575608170,24510,2850786,116.31113831089351,2019-12-06 04:56:10
1575608171,24614,2865408,116.41374827334037,2019-12-06 04:56:11
1575608172,26196,2857454,109.0797831730035,2019-12-06 04:56:12
1575608173,23786,2649218,111.37719667031027,2019-12-06 04:56:13
1575608174,23634,2646550,111.98062113903698,2019-12-06 04:56:14
1575608175,23855,2692953,112.88840913854538,2019-12-06 04:56:15
1575608176,23916,2670706,111.67026258571667,2019-12-06 04:56:16
1575608177,25456,2765538,108.63992771841609,2019-12-06 04:56:17
1575608178,24648,2882168,116.93313859136644,2019-12-06 04:56:18
1575608179,24890,2867022,115.18770590598633,2019-12-06 04:56:19
1575608180,24180,2716962,112.36401985111662,2019-12-06 04:56:20
1575608181,23856,2651838,111.16021126760563,2019-12-06 04:56:21
1575608182,25562,2789328,109.12010014865817,2019-12-06 04:56:22
1575608183,24006,2661532,110.86944930434058,2019-12-06 04:56:23
1575608184,24120,2728456,113.1200663349917,2019-12-06 04:56:24
1575608185,24660,2863638,116.12481751824818,2019-12-06 04:56:25
1575608186,24394,2777846,113.87414938099532,2019-12-06 04:56:26
1575608187,26064,2865628,109.94582565991406,2019-12-06 04:56:27
1575608188,24000,2661772,110.90716666666667,2019-12-06 04:56:28
1575608189,23913,2673541,111.80282691423075,2019-12-06 04:56:29
1575608190,24416,2757430,112.93537024901704,2019-12-06 04:56:30
1575608191,24581,2780714,113.12452707375616,2019-12-06 04:56:31
1575608192,26223,2963144,112.99790260458376,2019-12-06 04:56:32
1575608193,25290,2903662,114.81463028865164,2019-12-06 04:56:33
1575608194,23886,2657072,111.23972201289459,2019-12-06 04:56:34
1575608195,24060,2705406,112.44413965087281,2019-12-06 04:56:35
1575608196,23736,2639846,111.2169700033704,2019-12-06 04:56:36
1575608197,25562,2791314,109.19779359987481,2019-12-06 04:56:37
1575608198,24388,2786902,114.27349516155486,2019-12-06 04:56:38
1575608199,24720,2838574,114.82904530744337,2019-12-06 04:56:39
1575608200,24452,2760152,112.88041877964993,2019-12-06 04:56:40
1575608201,24330,2774236,114.02531853678586,2019-12-06 04:56:41
1575608202,25854,2843992,110.00201129419045,2019-12-06 04:56:42
1575608203,24056,2677846,111.31717658796143,2019-12-06 04:56:43
1575608204,24520,3052644,124.49608482871126,2019-12-06 04:56:44
1575608205,24459,2789172,114.03458849503251,2019-12-06 04:56:45
1575608206,24821,2885619,116.25716127472704,2019-12-06 04:56:46
1575608207,25988,2900842,111.62236416807758,2019-12-06 04:56:47
1575608208,23928,2689090,112.3825643597459,2019-12-06 04:56:48
1575608209,24416,3005761,123.1062008519004,2019-12-06 04:56:49
1575608210,24149,2679418,110.95357985837923,2019-12-06 04:56:50
1575608211,23893,2947894,123.37898129159169,2019-12-06 04:56:51
1575608212,25453,2764313,108.60460456527717,2019-12-06 04:56:52
1575608213,24602,2854980,116.04666287293716,2019-12-06 04:56:53
1575608214,24896,2882406,115.77787596401028,2019-12-06 04:56:54
1575608215,24229,2724225,112.43654298567832,2019-12-06 04:56:55
1575608216,24330,2727518,112.10513769009454,2019-12-06 04:56:56
1575608217,25812,2793918,108.24105067410507,2019-12-06 04:56:57
1575608218,23820,2655779,111.49366078925273,2019-12-06 04:56:58
1575608219,24051,2717623,112.99417903621472,2019-12-06 04:56:59
1575608220,24827,2881646,116.06903774116888,2019-12-06 04:57:00
1575608221,24548,2823169,115.00606974091576,2019-12-06 04:57:01
1575608222,25749,2860288,111.08345955182726,2019-12-06 04:57:02
1575608223,24054,2670960,111.04015964080818,2019-12-06 04:57:03
1575608224,23938,2656314,110.96641323418832,2019-12-06 04:57:04
1575608225,23486,2633214,112.11845354679383,2019-12-06 04:57:05
1575608226,24498,2756610,112.52387950036737,2019-12-06 04:57:06
1575608227,26590,2997042,112.71312523505077,2019-12-06 04:57:07
1575608228,24768,2858086,115.39429909560724,2019-12-06 04:57:08
1575608229,24164,2729106,112.9409865916239,2019-12-06 04:57:09
1575608230,23734,2653052,111.78275891126654,2019-12-06 04:57:10
1575608231,24137,2680900,111.07014127687782,2019-12-06 04:57:11
1575608232,26121,2855398,109.31426821331496,2019-12-06 04:57:12
1575608233,24469,2757442,112.69124197964771,2019-12-06 04:57:13
1575608234,25098,2972986,118.45509602358754,2019-12-06 04:57:14
1575608235,24880,2854958,114.74911575562702,2019-12-06 04:57:15
1575608236,24084,2680994,111.31846869290816,2019-12-06 04:57:16
1575608237,25144,2724996,108.37559656379256,2019-12-06 04:57:17
1575608238,23321,2617325,112.23039320783843,2019-12-06 04:57:18
1575608239,24067,2708879,112.55574022520463,2019-12-06 04:57:19
1575608240,24324,2788138,114.62497944417036,2019-12-06 04:57:20
1575608241,25029,2987928,119.37864077669903,2019-12-06 04:57:21
1575608242,25835,2834038,109.69761950841881,2019-12-06 04:57:22
1575608243,23893,2665862,111.57502197296279,2019-12-06 04:57:23
1575608244,23923,2694178,112.61873510847302,2019-12-06 04:57:24
1575608245,24680,2831582,114.73184764991896,2019-12-06 04:57:25
1575608246,24268,2748082,113.23891544420636,2019-12-06 04:57:26
1575608247,25894,2845544,109.89202131767978,2019-12-06 04:57:27
1575608248,24786,2851650,115.05083514887437,2019-12-06 04:57:28
1575608249,24713,2870865,116.16821106300328,2019-12-06 04:57:29
1575608250,24068,2701006,112.22394881170018,2019-12-06 04:57:30
1575608251,23755,2655475,111.78593980214691,2019-12-06 04:57:31
1575608252,25434,2753492,108.26028151293544,2019-12-06 04:57:32
1575608253,24054,2718348,113.01022698927413,2019-12-06 04:57:33
1575608254,24560,2822362,114.91701954397394,2019-12-06 04:57:34
1575608255,24104,2740156,113.68055094590109,2019-12-06 04:57:35
1575608256,24483,2800506,114.38573704202916,2019-12-06 04:57:36
1575608257,25798,2855852,110.70051942011008,2019-12-06 04:57:37
1575608258,23981,2679888,111.75046912138777,2019-12-06 04:57:38
1575608259,23484,2589950,110.28572645205246,2019-12-06 04:57:39
1575608260,24506,2770590,113.05761854239778,2019-12-06 04:57:40
1575608261,24159,2791368,115.54153731528623,2019-12-06 04:57:41
1575608262,25932,2889728,111.43482955421872,2019-12-06 04:57:42
1575608263,24453,2832656,115.84083752504804,2019-12-06 04:57:43
1575608264,23986,2707328,112.871174851997,2019-12-06 04:57:44
1575608265,23856,2667540,111.81841046277665,2019-12-06 04:57:45
1575608266,23807,2635776,110.71432771873819,2019-12-06 04:57:46
1575608267,25757,2799060,108.67181737003533,2019-12-06 04:57:47
1575608268,23892,2691020,112.63268039511134,2019-12-06 04:57:48
1575608269,23898,2746274,114.91647836639049,2019-12-06 04:57:49
1575608270,23996,2726316,113.61543590598433,2019-12-06 04:57:50
1575608271,23807,2693336,113.13210400302432,2019-12-06 04:57:51
1575608272,25794,2889548,112.02403659765837,2019-12-06 04:57:52
1575608273,24236,2759864,113.87456676019146,2019-12-06 04:57:53
1575608274,24536,3043674,124.0493152918161,2019-12-06 04:57:54
1575608275,24120,2728222,113.11036484245439,2019-12-06 04:57:55
1575608276,24872,2865574,115.21284979092955,2019-12-06 04:57:56
1575608277,25886,2818706,108.88920652089932,2019-12-06 04:57:57
1575608278,24122,2712892,112.46546720835751,2019-12-06 04:57:58
1575608279,24560,3141367,127.90582247557003,2019-12-06 04:57:59
1575608280,24111,2711436,112.45638919995022,2019-12-06 04:58:00
1575608281,24418,3038486,124.43631747071832,2019-12-06 04:58:01
1575608282,25870,2852352,110.25713181291071,2019-12-06 04:58:02
1575608283,24074,2745228,114.03289856276481,2019-12-06 04:58:03
1575608284,24202,2676546,110.59193455086357,2019-12-06 04:58:04
1575608285,24206,2737584,113.09526563661902,2019-12-06 04:58:05
1575608286,24307,2811144,115.65162298926235,2019-12-06 04:58:06
1575608287,25177,2755978,109.46411407236764,2019-12-06 04:58:07
1575608288,24161,2692912,111.45697611853814,2019-12-06 04:58:08
1575608289,24356,2814280,115.54770898341272,2019-12-06 04:58:09
1575608290,24048,2712436,112.79258150365935,2019-12-06 04:58:10
1575608291,24102,2667878,110.69114596299062,2019-12-06 04:58:11
1575608292,25316,2742308,108.3231158160847,2019-12-06 04:58:12
1575608293,24130,2798820,115.98922503108165,2019-12-06 04:58:13
1575608294,24332,2736596,112.46901200065757,2019-12-06 04:58:14
1575608295,23620,2656282,112.45901778154106,2019-12-06 04:58:15
1575608296,24060,2772896,115.24921030756443,2019-12-06 04:58:16
1575608297,25486,2781046,109.1205367652829,2019-12-06 04:58:17
1575608298,23886,2670816,111.81512182868626,2019-12-06 04:58:18
1575608299,24332,2760326,113.44427091895446,2019-12-06 04:58:19
1575608300,24394,2814500,115.37673198327458,2019-12-06 04:58:20
1575608301,24478,2787118,113.86216194133507,2019-12-06 04:58:21
1575608302,25780,2857392,110.83754848719938,2019-12-06 04:58:22
1575608303,23655,2681778,113.37045022194039,2019-12-06 04:58:23
1575608304,23951,2666506,111.33171892614087,2019-12-06 04:58:24
1575608305,24271,2693750,110.98636232540892,2019-12-06 04:58:25
1575608306,23852,2678210,112.28450444407177,2019-12-06 04:58:26
1575608307,26051,2877302,110.44881194579862,2019-12-06 04:58:27
1575608308,24948,2917488,116.94276094276094,2019-12-06 04:58:28
1575608309,24571,2838487,115.52183468316308,2019-12-06 04:58:29
1575608310,24184,2732660,112.99454184584849,2019-12-06 04:58:30
1575608311,23490,2598630,110.62707535121328,2019-12-06 04:58:31
1575608312,25346,2776462,109.5424130040243,2019-12-06 04:58:32
1575608313,23524,2622390,111.47721475939466,2019-12-06 04:58:33
1575608314,23768,2694626,113.3720127903063,2019-12-06 04:58:34
1575608315,24899,2919380,117.24888549740953,2019-12-06 04:58:35
1575608316,24664,2861584,116.0227051573143,2019-12-06 04:58:36
1575608317,25597,2782994,108.72344415361175,2019-12-06 04:58:37
1575608318,23762,2656204,111.78368824173049,2019-12-06 04:58:38
1575608319,24233,2710404,111.84764577229397,2019-12-06 04:58:39
1575608320,23626,2643536,111.89096757809193,2019-12-06 04:58:40
1575608321,23883,2680658,112.2412594732655,2019-12-06 04:58:41
1575608322,26260,2976710,113.35529322162985,2019-12-06 04:58:42
1575608323,24637,2850326,115.69290092137841,2019-12-06 04:58:43
1575608324,23884,2682308,112.30564394573773,2019-12-06 04:58:44
1575608325,23782,2635162,110.80489445799344,2019-12-06 04:58:45
1575608326,24158,2692720,111.46286944283467,2019-12-06 04:58:46
1575608327,25582,2795646,109.28176061293097,2019-12-06 04:58:47
1575608328,23766,2671910,112.42573424219474,2019-12-06 04:58:48
1575608329,24238,2789878,115.10347388398382,2019-12-06 04:58:49
1575608330,24044,2738640,113.90118116785892,2019-12-06 04:58:50
1575608331,24342,2706888,111.20236628050283,2019-12-06 04:58:51
1575608332,25826,2882404,111.60861147680632,2019-12-06 04:58:52
1575608333,24420,2779014,113.8007371007371,2019-12-06 04:58:53
1575608334,23584,2644726,112.14068860244234,2019-12-06 04:58:54
1575608335,23891,2661395,111.39738813779248,2019-12-06 04:58:55
1575608336,24399,2819561,115.5605147751957,2019-12-06 04:58:56
1575608337,25411,2786245,109.64720003148243,2019-12-06 04:58:57
1575608338,24359,2735550,112.30140810378094,2019-12-06 04:58:58
1575608339,24272,2789264,114.91694133157547,2019-12-06 04:58:59
1575608340,23756,2694194,113.411096144132,2019-12-06 04:59:00
1575608341,23331,2589854,111.004843341477,2019-12-06 04:59:01
1575608342,24584,2690794,109.45305890009763,2019-12-06 04:59:02
1575608343,23926,2774206,115.94942740115356,2019-12-06 04:59:03
1575608344,23926,3001999,125.47015798712698,2019-12-06 04:59:04
1575608345,23822,2693094,113.0507094282596,2019-12-06 04:59:05
1575608346,24080,2769376,115.00730897009967,2019-12-06 04:59:06
1575608347,25958,2824640,108.81577933585022,2019-12-06 04:59:07
1575608348,23386,2597224,111.05892414264945,2019-12-06 04:59:08
1575608349,24193,3012336,124.51271028809987,2019-12-06 04:59:09
1575608350,24290,2791628,114.92910662824208,2019-12-06 04:59:10
1575608351,24439,3100461,126.86529727075576,2019-12-06 04:59:11
1575608352,27531,2979554,108.2254186190113,2019-12-06 04:59:12
1575608353,24486,2805964,114.59462550028587,2019-12-06 04:59:13
1575608354,23856,2650040,111.0848423876593,2019-12-06 04:59:14
1575608355,24166,2683964,111.06364313498304,2019-12-06 04:59:15
1575608356,23728,2649142,111.64624072825355,2019-12-06 04:59:16
1575608357,25608,2835688,110.73445798188067,2019-12-06 04:59:17
1575608358,24386,2805992,115.06569343065694,2019-12-06 04:59:18
1575608359,24164,2784810,115.24623406720741,2019-12-06 04:59:19
1575608360,23775,2698476,113.50056782334384,2019-12-06 04:59:20
1575608361,23075,2570672,111.40507042253522,2019-12-06 04:59:21
1575608362,24616,2678804,108.82369190770231,2019-12-06 04:59:22
1575608363,23674,2647292,111.82275914505365,2019-12-06 04:59:23
1575608364,23957,2728964,113.91092373836457,2019-12-06 04:59:24
1575608365,24031,2866826,119.29699138612625,2019-12-06 04:59:25
1575608366,23402,2743544,117.23544996154175,2019-12-06 04:59:26
1575608367,24537,2681635,109.28944043689123,2019-12-06 04:59:27
1575608368,22937,2594688,113.12237868945373,2019-12-06 04:59:28
1575608369,23870,2692977,112.81847507331378,2019-12-06 04:59:29
1575608370,24060,2739044,113.84222776392352,2019-12-06 04:59:30
1575608371,24694,2850052,115.41475662104155,2019-12-06 04:59:31
1575608372,26488,2940902,111.0277106614316,2019-12-06 04:59:32
1575608373,24198,2792258,115.3920985205389,2019-12-06 04:59:33
1575608374,24572,2810538,114.37970047208205,2019-12-06 04:59:34
1575608375,24258,2702400,111.40242394261686,2019-12-06 04:59:35
1575608376,23762,2648650,111.46578570827371,2019-12-06 04:59:36
1575608377,25440,2758876,108.44638364779874,2019-12-06 04:59:37
1575608378,24642,2828952,114.80204528853177,2019-12-06 04:59:38
1575608379,24280,2752366,113.35939044481054,2019-12-06 04:59:39
1575608380,24260,2758344,113.6992580379225,2019-12-06 04:59:40
1575608381,24260,2770996,114.22077493816982,2019-12-06 04:59:41
1575608382,24755,2741124,110.73011512825691,2019-12-06 04:59:42
1575608383,24197,2646490,109.37264950200438,2019-12-06 04:59:43
1575608384,24000,2707676,112.81983333333334,2019-12-06 04:59:44
1575608385,24445,2817486,115.25817140519534,2019-12-06 04:59:45
1575608386,23943,2706974,113.05909869272857,2019-12-06 04:59:46
1575608387,24764,2798508,113.00710709093846,2019-12-06 04:59:47
1575608388,25546,2819280,110.36091756047914,2019-12-06 04:59:48
1575608389,24112,2695358,111.7849203715992,2019-12-06 04:59:49
1575608390,24045,2662518,110.73063006862134,2019-12-06 04:59:50
1575608391,23380,2617952,111.97399486740804,2019-12-06 04:59:51
1575608392,24134,2759136,114.32568161100522,2019-12-06 04:59:52
1575608393,25965,2885944,111.1474677450414,2019-12-06 04:59:53
1575608394,24472,2781118,113.6449002942138,2019-12-06 04:59:54
1575608395,24184,2764030,114.29168044988423,2019-12-06 04:59:55
1575608396,24279,2742714,112.96651427159273,2019-12-06 04:59:56
1575608397,23879,2676144,112.07102474978014,2019-12-06 04:59:57
1575608398,25526,2762880,108.23787510773329,2019-12-06 04:59:58
1575608399,24554,2865478,116.70106703592083,2019-12-06 04:59:59
1575608400,7364,745558,101.24361759913091,2019-12-06 05:00:00
1575608400,16521,1954426,118.29949760910357,2019-12-06 05:00:00
1575608401,23607,2656144,112.51510145295887,2019-12-06 05:00:01
1575608402,24242,2713786,111.9456315485521,2019-12-06 05:00:02
1575608403,26011,2895096,111.30275652608512,2019-12-06 05:00:03
1575608404,23839,2676200,112.26142036159234,2019-12-06 05:00:04
1575608405,24030,2719534,113.17245110278819,2019-12-06 05:00:05
1575608406,24180,2747322,113.6196029776675,2019-12-06 05:00:06
1575608407,24166,2759682,114.19688819001904,2019-12-06 05:00:07
1575608408,25498,2728696,107.0160796925249,2019-12-06 05:00:08
1575608409,23902,2715132,113.59434356957577,2019-12-06 05:00:09
1575608410,24484,2810558,114.79161901650058,2019-12-06 05:00:10
1575608411,24169,2723932,112.70354586453722,2019-12-06 05:00:11
1575608412,24637,2803594,113.79607906806835,2019-12-06 05:00:12
1575608413,25516,2811642,110.19133092961279,2019-12-06 05:00:13
1575608414,24092,3012700,125.04980906524987,2019-12-06 05:00:14
1575608415,24072,2682138,111.4214855433699,2019-12-06 05:00:15
1575608416,23974,2678704,111.73371152081421,2019-12-06 05:00:16
1575608417,24726,2849486,115.2424977756208,2019-12-06 05:00:17
1575608418,25796,2842088,110.17553109009148,2019-12-06 05:00:18
1575608419,24433,3135096,128.3140015552736,2019-12-06 05:00:19
1575608420,23762,2656752,111.806750273546,2019-12-06 05:00:20
1575608421,24343,3012682,123.75968450889373,2019-12-06 05:00:21
1575608422,23734,2636740,111.09547484621218,2019-12-06 05:00:22
1575608423,25104,2722696,108.45666029318036,2019-12-06 05:00:23
1575608424,24270,2731018,112.52649361351463,2019-12-06 05:00:24
1575608425,24847,2900970,116.75333038193746,2019-12-06 05:00:25
1575608426,24371,2806024,115.13782774609166,2019-12-06 05:00:26
1575608427,24518,2754962,112.3648747858716,2019-12-06 05:00:27
1575608428,25155,2694526,107.11691512621745,2019-12-06 05:00:28
1575608429,23284,2616827,112.38734753478784,2019-12-06 05:00:29
1575608430,23519,2652670,112.78838385985799,2019-12-06 05:00:30
1575608431,24194,2767978,114.40762172439447,2019-12-06 05:00:31
1575608432,24844,2968952,119.50378360972468,2019-12-06 05:00:32
1575608433,25886,2860522,110.50459707950243,2019-12-06 05:00:33
1575608434,23814,2640024,110.86016628873772,2019-12-06 05:00:34
1575608435,24192,2718976,112.39153439153439,2019-12-06 05:00:35
1575608436,24168,2738340,113.30436941410129,2019-12-06 05:00:36
1575608437,23812,2658962,111.66479086175038,2019-12-06 05:00:37
1575608438,26056,2879124,110.49754375191894,2019-12-06 05:00:38
1575608439,25028,3004884,120.06089180118268,2019-12-06 05:00:39
1575608440,24164,2713910,112.31211719913921,2019-12-06 05:00:40
1575608441,23660,2649886,111.99856297548605,2019-12-06 05:00:41
1575608442,23634,2632110,111.36963696369637,2019-12-06 05:00:42
1575608443,25690,2813848,109.5308680420397,2019-12-06 05:00:43
1575608444,23906,2775930,116.1185476449427,2019-12-06 05:00:44
1575608445,25070,2884372,115.05273234942162,2019-12-06 05:00:45
1575608446,24662,2829354,114.72524531668154,2019-12-06 05:00:46
1575608447,24322,2827682,116.26025820245046,2019-12-06 05:00:47
1575608448,25546,2790102,109.21874266029907,2019-12-06 05:00:48
1575608449,23908,2661692,111.33060063577045,2019-12-06 05:00:49
1575608450,24076,2721188,113.02492108323642,2019-12-06 05:00:50
1575608451,24820,2867344,115.52554391619661,2019-12-06 05:00:51
1575608452,24276,2734986,112.66213544241226,2019-12-06 05:00:52
1575608453,25973,2887644,111.17868555807955,2019-12-06 05:00:53
1575608454,24059,2718724,113.00236917577622,2019-12-06 05:00:54
1575608455,23912,2679572,112.05971896955504,2019-12-06 05:00:55
1575608456,23922,2667550,111.5103252236435,2019-12-06 05:00:56
1575608457,23723,2649382,111.67988871559247,2019-12-06 05:00:57
1575608458,25453,2803260,110.13475818174675,2019-12-06 05:00:58
1575608459,24596,2826667,114.92384940640754,2019-12-06 05:00:59
1575608460,24541,2780698,113.30825964712115,2019-12-06 05:01:00
1575608461,24455,2781452,113.73755878143528,2019-12-06 05:01:01
1575608462,24093,2710816,112.51467231145976,2019-12-06 05:01:02
1575608463,25918,2835378,109.39802453893047,2019-12-06 05:01:03
1575608464,23848,2638866,110.65355585374036,2019-12-06 05:01:04
1575608465,23826,2647602,111.12238730798288,2019-12-06 05:01:05
1575608466,24888,2860116,114.91947926711669,2019-12-06 05:01:06
1575608467,24110,2745876,113.88950642886769,2019-12-06 05:01:07
1575608468,25710,2819314,109.65826526643329,2019-12-06 05:01:08
1575608469,24700,2826652,114.43935222672064,2019-12-06 05:01:09
1575608470,24082,2707952,112.44713894194834,2019-12-06 05:01:10
1575608471,23930,2665878,111.40317592979524,2019-12-06 05:01:11
1575608472,23894,2668866,111.69607432828325,2019-12-06 05:01:12
1575608473,26155,2941118,112.44955075511375,2019-12-06 05:01:13
1575608474,24140,2728050,113.00952775476388,2019-12-06 05:01:14
1575608475,23849,2659534,111.51553524256782,2019-12-06 05:01:15
1575608476,24102,2771300,114.98215915691644,2019-12-06 05:01:16
1575608477,24020,2723874,113.40024979184014,2019-12-06 05:01:17
1575608478,25562,2776416,108.61497535404115,2019-12-06 05:01:18
1575608479,24154,2711368,112.25337418233005,2019-12-06 05:01:19
1575608480,24752,2855570,115.36724305106658,2019-12-06 05:01:20
1575608481,24227,2734458,112.86820489536467,2019-12-06 05:01:21
1575608482,23873,2653784,111.16256859213337,2019-12-06 05:01:22
1575608483,25862,2885496,111.57280952749207,2019-12-06 05:01:23
1575608484,24333,3092716,127.09965889943697,2019-12-06 05:01:24
1575608485,24056,2690688,111.85101429996675,2019-12-06 05:01:25
1575608486,23858,2648244,111.00025148797049,2019-12-06 05:01:26
1575608487,25025,2911570,116.34645354645355,2019-12-06 05:01:27
1575608488,25799,2830976,109.73200511647738,2019-12-06 05:01:28
1575608489,24580,3062535,124.5945890968267,2019-12-06 05:01:29
1575608490,23826,2674300,112.24292789389742,2019-12-06 05:01:30
1575608491,24922,3176680,127.46489045822968,2019-12-06 05:01:31
1575608492,24428,2751082,112.62002619944326,2019-12-06 05:01:32
1575608493,25764,2822924,109.56854525694767,2019-12-06 05:01:33
1575608494,24372,2810228,115.30559658624651,2019-12-06 05:01:34
1575608495,23888,2693756,112.76607501674481,2019-12-06 05:01:35
1575608496,24232,2710752,111.86662264773852,2019-12-06 05:01:36
1575608497,24054,2702996,112.37199634156481,2019-12-06 05:01:37
1575608498,26154,2932468,112.12311692284163,2019-12-06 05:01:38
1575608499,23868,2692936,112.82621082621083,2019-12-06 05:01:39
1575608500,24078,2703536,112.28241548301354,2019-12-06 05:01:40
1575608501,24472,2830262,115.6530728996404,2019-12-06 05:01:41
1575608502,23952,2690622,112.33391783567134,2019-12-06 05:01:42
1575608503,25938,2826036,108.95350451075642,2019-12-06 05:01:43
1575608504,24082,2683234,111.42072917531766,2019-12-06 05:01:44
1575608505,24530,2802328,114.24084794129637,2019-12-06 05:01:45
1575608506,24340,2774998,114.00977814297453,2019-12-06 05:01:46
1575608507,24559,2826830,115.10362799788265,2019-12-06 05:01:47
1575608508,25937,2864216,110.42973358522573,2019-12-06 05:01:48
1575608509,23662,2644142,111.74634434959006,2019-12-06 05:01:49
1575608510,24269,2710538,111.6872553463266,2019-12-06 05:01:50
1575608511,24287,2722816,112.11001770494504,2019-12-06 05:01:51
1575608512,24112,2700460,111.99651625746516,2019-12-06 05:01:52
1575608513,26119,2916660,111.6681343083579,2019-12-06 05:01:53
1575608514,24276,2798648,115.2845608831768,2019-12-06 05:01:54
1575608515,24966,2886990,115.6368661379476,2019-12-06 05:01:55
1575608516,23581,2631316,111.58627708748568,2019-12-06 05:01:56
1575608517,23832,2655000,111.404833836858,2019-12-06 05:01:57
1575608518,25584,2768384,108.20762976860537,2019-12-06 05:01:58
1575608519,23905,2652697,110.96829115247856,2019-12-06 05:01:59
1575608520,24567,2845321,115.81882199698784,2019-12-06 05:02:00
1575608521,24501,2810973,114.72890902412146,2019-12-06 05:02:01
1575608522,24350,2787470,114.47515400410677,2019-12-06 05:02:02
1575608523,25714,2794740,108.685540950455,2019-12-06 05:02:03
1575608524,23979,2695892,112.42720713958046,2019-12-06 05:02:04
1575608525,24124,2714328,112.5156690432764,2019-12-06 05:02:05
1575608526,24200,2695564,111.38694214876033,2019-12-06 05:02:06
1575608527,23793,2670538,112.24049090068507,2019-12-06 05:02:07
1575608528,26375,2957070,112.1163981042654,2019-12-06 05:02:08
1575608529,24232,2727514,112.5583525916144,2019-12-06 05:02:09
1575608530,24656,2844308,115.35966904607398,2019-12-06 05:02:10
1575608531,24688,2780500,112.62556707712248,2019-12-06 05:02:11
1575608532,23740,2632510,110.88921651221567,2019-12-06 05:02:12
1575608533,25456,2756672,108.29164047768698,2019-12-06 05:02:13
1575608534,23878,2664842,111.60239551051177,2019-12-06 05:02:14
1575608535,24248,2782902,114.76831078851865,2019-12-06 05:02:15
1575608536,25134,2920240,116.18683854539667,2019-12-06 05:02:16
1575608537,24352,2793144,114.69875164257556,2019-12-06 05:02:17
1575608538,25521,2775032,108.73523764742761,2019-12-06 05:02:18
1575608539,24085,2698509,112.0410629022213,2019-12-06 05:02:19
1575608540,23711,2631067,110.96398296149466,2019-12-06 05:02:20
1575608541,24275,2763900,113.85787847579815,2019-12-06 05:02:21
1575608542,24275,2699649,111.21108135942328,2019-12-06 05:02:22
1575608543,26658,3013818,113.0549178483007,2019-12-06 05:02:23
1575608544,24702,2873358,116.32086470731115,2019-12-06 05:02:24
1575608545,24200,2710356,111.99818181818182,2019-12-06 05:02:25
1575608546,24039,2667295,110.95698656350098,2019-12-06 05:02:26
1575608547,23652,2628498,111.13216641298833,2019-12-06 05:02:27
1575608548,25282,2722814,107.69772960999921,2019-12-06 05:02:28
1575608549,23729,2672007,112.60512453116439,2019-12-06 05:02:29
1575608550,24588,2795332,113.68683910850821,2019-12-06 05:02:30
1575608551,24882,2960386,118.97701149425288,2019-12-06 05:02:31
1575608552,24300,2743756,112.91176954732511,2019-12-06 05:02:32
1575608553,25717,2793698,108.6323443636505,2019-12-06 05:02:33
1575608554,24355,3034279,124.58546499692055,2019-12-06 05:02:34
1575608555,23940,2661440,111.17126148705096,2019-12-06 05:02:35
1575608556,23766,2667698,112.24850626946058,2019-12-06 05:02:36
1575608557,24424,2755510,112.81976744186046,2019-12-06 05:02:37
1575608558,26196,2985987,113.98637196518553,2019-12-06 05:02:38
1575608559,24577,3150645,128.19485698010334,2019-12-06 05:02:39
1575608560,23598,2632850,111.57089583863039,2019-12-06 05:02:40
1575608561,24172,3001962,124.19170941585305,2019-12-06 05:02:41
1575608562,23842,2676128,112.2442748091603,2019-12-06 05:02:42
1575608563,25724,2804868,109.03700824133105,2019-12-06 05:02:43
1575608564,24105,2685044,111.38950425222983,2019-12-06 05:02:44
1575608565,24389,2876678,117.94981344048547,2019-12-06 05:02:45
1575608566,24406,2855484,116.99926247644022,2019-12-06 05:02:46
1575608567,24784,2840910,114.62677533892834,2019-12-06 05:02:47
1575608568,25734,2790404,108.43257946685318,2019-12-06 05:02:48
1575608569,23632,2616012,110.6978672985782,2019-12-06 05:02:49
1575608570,24109,2705139,112.204529428844,2019-12-06 05:02:50
1575608571,24394,2761814,113.21693859145691,2019-12-06 05:02:51
1575608572,24298,2783464,114.55527203885093,2019-12-06 05:02:52
1575608573,26115,2886556,110.5324909056098,2019-12-06 05:02:53
1575608574,24556,2803268,114.15816908291252,2019-12-06 05:02:54
1575608575,24247,2748312,113.3464758526828,2019-12-06 05:02:55
1575608576,23724,2633732,111.01551171809139,2019-12-06 05:02:56
1575608577,23818,2663470,111.82592996893106,2019-12-06 05:02:57
1575608578,26058,2903116,111.40977818712103,2019-12-06 05:02:58
1575608579,24046,2742627,114.05751476337021,2019-12-06 05:02:59
1575608580,23725,2674062,112.71072708113805,2019-12-06 05:03:00
1575608581,24177,2757636,114.06030524879017,2019-12-06 05:03:01
1575608582,24074,2750082,114.23452687546731,2019-12-06 05:03:02
1575608583,25514,2766388,108.4262757701654,2019-12-06 05:03:03
1575608584,23692,2630556,111.03140300523384,2019-12-06 05:03:04
1575608585,24898,2845382,114.2815487187726,2019-12-06 05:03:05
1575608586,24424,2806408,114.90370127743203,2019-12-06 05:03:06
1575608587,23924,2643886,110.51187092459455,2019-12-06 05:03:07
1575608588,26288,2954316,112.38268411442483,2019-12-06 05:03:08
1575608589,24484,2791224,114.00196046397647,2019-12-06 05:03:09
1575608590,24114,2714166,112.55561084846977,2019-12-06 05:03:10
1575608591,23853,2646894,110.96692239969815,2019-12-06 05:03:11
1575608592,23957,2698732,112.64899611804483,2019-12-06 05:03:12
1575608593,25192,2735542,108.5877262623055,2019-12-06 05:03:13
1575608594,24617,2847374,115.66697810456189,2019-12-06 05:03:14
1575608595,24010,2715998,113.11945022907122,2019-12-06 05:03:15
1575608596,24434,2791144,114.23197184251453,2019-12-06 05:03:16
1575608597,24172,2761660,114.25037233162337,2019-12-06 05:03:17
1575608598,25466,2789620,109.542919971727,2019-12-06 05:03:18
1575608599,23829,2635151,110.58588274791221,2019-12-06 05:03:19
1575608600,23530,2631006,111.81495962600935,2019-12-06 05:03:20
1575608601,24854,2877248,115.76599340146456,2019-12-06 05:03:21
1575608602,24418,2766154,113.28339749365222,2019-12-06 05:03:22
1575608603,26479,2915232,110.09600060425242,2019-12-06 05:03:23
1575608604,24313,2770956,113.97013943157981,2019-12-06 05:03:24
1575608605,23494,2639273,112.33817144802929,2019-12-06 05:03:25
1575608606,23687,2652152,111.96656393802508,2019-12-06 05:03:26
1575608607,23616,2692958,114.03108062330624,2019-12-06 05:03:27
1575608608,25833,2911841,112.71788023071265,2019-12-06 05:03:28
1575608609,23739,2665799,112.29617928303635,2019-12-06 05:03:29
1575608610,23586,2633170,111.64122784702789,2019-12-06 05:03:30
1575608611,24585,2826897,114.98462477120195,2019-12-06 05:03:31
1575608612,24244,2767550,114.15401748886322,2019-12-06 05:03:32
1575608613,26030,2847054,109.37587399154822,2019-12-06 05:03:33
1575608614,24565,2819519,114.77789537960513,2019-12-06 05:03:34
1575608615,24432,2774894,113.57621152586772,2019-12-06 05:03:35
1575608616,23760,2646030,111.36489898989899,2019-12-06 05:03:36
1575608617,23692,2622244,110.68056728009455,2019-12-06 05:03:37
1575608618,26024,2841860,109.2015063018752,2019-12-06 05:03:38
1575608619,24406,2803500,114.86929443579447,2019-12-06 05:03:39
1575608620,24442,2749792,112.50274118320922,2019-12-06 05:03:40
1575608621,24372,2781050,114.10840308550796,2019-12-06 05:03:41
1575608622,23908,2721002,113.81136021415426,2019-12-06 05:03:42
1575608623,25415,2775412,109.20369860318709,2019-12-06 05:03:43
1575608624,24105,2993146,124.17116780750881,2019-12-06 05:03:44
1575608625,24093,2702250,112.15913335823683,2019-12-06 05:03:45
1575608626,23595,2708756,114.80211909302818,2019-12-06 05:03:46
1575608627,24200,2815052,116.32446280991735,2019-12-06 05:03:47
1575608628,25598,2882648,112.61223533088523,2019-12-06 05:03:48
1575608629,23853,2970496,124.53343394960801,2019-12-06 05:03:49
1575608630,23664,2649546,111.96526369168357,2019-12-06 05:03:50
1575608631,22751,2854652,125.47369346402355,2019-12-06 05:03:51
1575608632,22826,2562364,112.25637430999737,2019-12-06 05:03:52
1575608633,24240,2675608,110.37986798679869,2019-12-06 05:03:53
1575608634,23893,2794348,116.95258025363077,2019-12-06 05:03:54
1575608635,24439,2786708,114.02708785138508,2019-12-06 05:03:55
1575608636,24344,2781038,114.23915543871179,2019-12-06 05:03:56
1575608637,23554,2614984,111.02080326059269,2019-12-06 05:03:57
1575608638,25696,2774350,107.96816625155667,2019-12-06 05:03:58
1575608639,23808,2662505,111.83236727150538,2019-12-06 05:03:59
1575608640,24065,2719540,113.00810305422813,2019-12-06 05:04:00
1575608641,24606,2854104,115.99219702511583,2019-12-06 05:04:01
1575608642,24575,2881898,117.269501525941,2019-12-06 05:04:02
1575608643,26029,2838962,109.06919205501556,2019-12-06 05:04:03
1575608644,23622,2622468,111.01803403606807,2019-12-06 05:04:04
1575608645,23780,2634276,110.77695542472667,2019-12-06 05:04:05
1575608646,23956,2656198,110.87819335448322,2019-12-06 05:04:06
1575608647,23884,2650296,110.96533244012728,2019-12-06 05:04:07
1575608648,26540,2977368,112.18417483044462,2019-12-06 05:04:08
1575608649,24268,2801234,115.4291247733641,2019-12-06 05:04:09
1575608650,24486,2804822,114.54798660459038,2019-12-06 05:04:10
1575608651,23694,2625488,110.80813708111758,2019-12-06 05:04:11
1575608652,24222,2721216,112.34481050284865,2019-12-06 05:04:12
1575608653,25324,2732008,107.88216711419997,2019-12-06 05:04:13
1575608654,23934,2672438,111.65864460599984,2019-12-06 05:04:14
1575608655,24404,2792200,114.41566956236683,2019-12-06 05:04:15
1575608656,24226,2794024,115.3316271774127,2019-12-06 05:04:16
1575608657,24156,2714838,112.38772975658222,2019-12-06 05:04:17
1575608658,25701,2862827,111.3897124625501,2019-12-06 05:04:18
1575608659,23880,2687604,112.5462311557789,2019-12-06 05:04:19
1575608660,23810,2660286,111.72977740445191,2019-12-06 05:04:20
1575608661,23267,2564373,110.21502557269953,2019-12-06 05:04:21
1575608662,24410,2735670,112.07169192953708,2019-12-06 05:04:22
1575608663,25786,2900572,112.48631040099279,2019-12-06 05:04:23
1575608664,24313,2790427,114.77098671492617,2019-12-06 05:04:24
1575608665,24328,2770290,113.87249260111805,2019-12-06 05:04:25
1575608666,24058,2703436,112.37160196192535,2019-12-06 05:04:26
1575608667,23926,2652860,110.87770626097132,2019-12-06 05:04:27
1575608668,25566,2756739,107.82832668387702,2019-12-06 05:04:28
1575608669,23938,2672085,111.62524020385997,2019-12-06 05:04:29
1575608670,24550,2814858,114.65816700610998,2019-12-06 05:04:30
1575608671,24393,2781163,114.01479932767597,2019-12-06 05:04:31
1575608672,24409,2806150,114.96374288172396,2019-12-06 05:04:32
1575608673,25995,2843072,109.36995576072322,2019-12-06 05:04:33
1575608674,23889,2662959,111.47218385030767,2019-12-06 05:04:34
1575608675,23860,2660834,111.51860854987427,2019-12-06 05:04:35
1575608676,24102,2690178,111.61638038337067,2019-12-06 05:04:36
1575608677,24152,2729340,113.00679032792316,2019-12-06 05:04:37
1575608678,26262,2936070,111.79917751884852,2019-12-06 05:04:38
1575608679,24564,2842166,115.70452695000814,2019-12-06 05:04:39
1575608680,24018,2729316,113.63627279540344,2019-12-06 05:04:40
1575608681,23668,2602634,109.96425553489944,2019-12-06 05:04:41
1575608682,24192,2729636,112.83217592592592,2019-12-06 05:04:42
1575608683,25773,2807136,108.91770457455476,2019-12-06 05:04:43
1575608684,24143,2694122,111.59019177401318,2019-12-06 05:04:44
1575608685,24538,2848714,116.09397668921673,2019-12-06 05:04:45
1575608686,24664,2887438,117.0709536166072,2019-12-06 05:04:46
1575608687,23899,2692698,112.66990250638102,2019-12-06 05:04:47
1575608688,25638,2757968,107.57344566658865,2019-12-06 05:04:48
1575608689,23794,2647578,111.27082457762461,2019-12-06 05:04:49
1575608690,23825,2646802,111.09347324239245,2019-12-06 05:04:50
1575608691,24130,2760022,114.3813510153336,2019-12-06 05:04:51
1575608692,25020,2886194,115.3554756195044,2019-12-06 05:04:52
1575608693,24848,2914170,117.2798615582743,2019-12-06 05:04:53
1575608694,25385,3146474,123.95012802836321,2019-12-06 05:04:54
1575608695,23358,2591458,110.94520078773867,2019-12-06 05:04:55
1575608696,23500,2651302,112.82136170212766,2019-12-06 05:04:56
1575608697,23849,2672112,112.04293681076774,2019-12-06 05:04:57
1575608698,24035,2691974,112.00224672352819,2019-12-06 05:04:58
1575608699,26343,3259655,123.73894393197433,2019-12-06 05:04:59
1575608700,24452,2864076,117.13054146900049,2019-12-06 05:05:00
1575608701,24242,3011678,124.23389159310288,2019-12-06 05:05:01
1575608702,23841,2659322,111.54406274904576,2019-12-06 05:05:02
1575608703,23890,2689782,112.59028882377564,2019-12-06 05:05:03
1575608704,25706,2788348,108.47070722788455,2019-12-06 05:05:04
1575608705,24155,2714782,112.39006416890913,2019-12-06 05:05:05
1575608706,24447,2813238,115.0749785249724,2019-12-06 05:05:06
1575608707,24928,2861916,114.80728498074454,2019-12-06 05:05:07
1575608708,24180,2763942,114.30694789081886,2019-12-06 05:05:08
1575608709,25304,2764740,109.26098640531141,2019-12-06 05:05:09
1575608710,23956,2664358,111.21881783269328,2019-12-06 05:05:10
1575608711,23926,2690628,112.45624007356014,2019-12-06 05:05:11
1575608712,24143,2697776,111.74153999088763,2019-12-06 05:05:12
1575608713,24456,2796516,114.34887144259078,2019-12-06 05:05:13
1575608714,26125,2970530,113.7044976076555,2019-12-06 05:05:14
1575608715,24445,2759060,112.86807118020045,2019-12-06 05:05:15
1575608716,24196,2727872,112.74061828401389,2019-12-06 05:05:16
1575608717,23818,2642914,110.96288521286422,2019-12-06 05:05:17
1575608718,23718,2618996,110.42229530314529,2019-12-06 05:05:18
1575608719,25360,2762300,108.92350157728707,2019-12-06 05:05:19
1575608720,24020,2709894,112.81823480432972,2019-12-06 05:05:20
1575608721,24524,2840020,115.80574131463057,2019-12-06 05:05:21
1575608722,23930,2704848,113.03167572085249,2019-12-06 05:05:22
1575608723,24532,2784990,113.52478395564977,2019-12-06 05:05:23
1575608724,25866,2871264,111.00533518905127,2019-12-06 05:05:24
1575608725,24188,2712714,112.15123201587564,2019-12-06 05:05:25
1575608726,23461,2616362,111.51962831933848,2019-12-06 05:05:26
1575608727,24083,2708026,112.44554249885812,2019-12-06 05:05:27
1575608728,24374,2733174,112.13481578731435,2019-12-06 05:05:28
1575608729,25697,2897703,112.76425263649453,2019-12-06 05:05:29
1575608730,25046,2935634,117.20969416274056,2019-12-06 05:05:30
1575608731,24506,2778736,113.39002693217988,2019-12-06 05:05:31
1575608732,24158,2690076,111.35342329663051,2019-12-06 05:05:32
1575608733,23822,2658148,111.58374611703468,2019-12-06 05:05:33
1575608734,25759,2854318,110.80857176132614,2019-12-06 05:05:34
1575608735,23843,2668136,111.90437444952397,2019-12-06 05:05:35
1575608736,24596,2842052,115.54935761912506,2019-12-06 05:05:36
1575608737,24276,2789990,114.92791234140715,2019-12-06 05:05:37
1575608738,24477,2837052,115.90685132981983,2019-12-06 05:05:38
1575608739,25765,2780026,107.89932078400932,2019-12-06 05:05:39
1575608740,23650,2639868,111.62232558139534,2019-12-06 05:05:40
1575608741,23666,2647524,111.87036254542382,2019-12-06 05:05:41
1575608742,23908,2671572,111.74385143048352,2019-12-06 05:05:42
1575608743,24198,2740730,113.26266633606083,2019-12-06 05:05:43
1575608744,26299,3061267,116.40241073805088,2019-12-06 05:05:44
1575608745,24209,2762029,114.09099921516791,2019-12-06 05:05:45
1575608746,23829,2637032,110.66482017709514,2019-12-06 05:05:46
1575608747,23954,2651342,110.6847290640394,2019-12-06 05:05:47
1575608748,23856,2673032,112.04862508383636,2019-12-06 05:05:48
1575608749,25539,2785508,109.06879674223737,2019-12-06 05:05:49
1575608750,23819,2705312,113.57789999580167,2019-12-06 05:05:50
1575608751,24819,2900510,116.86651355816109,2019-12-06 05:05:51
1575608752,24869,2904236,116.78137440186578,2019-12-06 05:05:52
1575608753,24340,2716586,111.60994248151191,2019-12-06 05:05:53
1575608754,25080,2711244,108.10382775119618,2019-12-06 05:05:54
1575608755,24316,2726564,112.13044908702089,2019-12-06 05:05:55
1575608756,23978,2682880,111.88923179581283,2019-12-06 05:05:56
1575608757,24074,2684856,111.52513084655645,2019-12-06 05:05:57
1575608758,24240,2784282,114.8631188118812,2019-12-06 05:05:58
1575608759,26631,3050227,114.53670534339679,2019-12-06 05:05:59
1575608760,24437,2796974,114.45652084953144,2019-12-06 05:06:00
1575608761,23413,2601622,111.11869474223722,2019-12-06 05:06:01
1575608762,24443,2709884,110.86544204884834,2019-12-06 05:06:02
1575608763,23743,2669517,112.43385418860295,2019-12-06 05:06:03
1575608764,25863,3145031,121.60348760777946,2019-12-06 05:06:04
1575608765,24429,2763863,113.13860575545458,2019-12-06 05:06:05
1575608766,24939,2900580,116.30698905329002,2019-12-06 05:06:06
1575608767,24963,2933621,117.51876777630893,2019-12-06 05:06:07
1575608768,23893,2698318,112.93341145942327,2019-12-06 05:06:08
1575608769,25062,3015472,120.32048519671216,2019-12-06 05:06:09
1575608770,23532,2655232,112.83494815570288,2019-12-06 05:06:10
1575608771,24875,3187125,128.12562814070353,2019-12-06 05:06:11
1575608772,24666,2844210,115.30892726830454,2019-12-06 05:06:12
1575608773,24865,2960180,119.05007038005228,2019-12-06 05:06:13
1575608774,25977,2905056,111.83185125303153,2019-12-06 05:06:14
1575608775,24068,2800680,116.36529832142264,2019-12-06 05:06:15
1575608776,24529,3266970,133.18806310897304,2019-12-06 05:06:16
1575608777,24354,2781272,114.20185595795351,2019-12-06 05:06:17
1575608778,24018,2700142,112.42160046631693,2019-12-06 05:06:18
1575608779,25689,2776883,108.09618903032427,2019-12-06 05:06:19
1575608780,24144,2793214,115.68977799867461,2019-12-06 05:06:20
1575608781,24104,2719568,112.82641885164288,2019-12-06 05:06:21
1575608782,23888,2658054,111.27151707970529,2019-12-06 05:06:22
1575608783,23626,2648932,112.1193600270888,2019-12-06 05:06:23
1575608784,25228,2795970,110.82804820041224,2019-12-06 05:06:24
1575608785,24244,2738842,112.96988945718529,2019-12-06 05:06:25
1575608786,23791,2674086,112.3990584674877,2019-12-06 05:06:26
1575608787,23871,2660532,111.45456830463742,2019-12-06 05:06:27
1575608788,24696,2844186,115.1678814382896,2019-12-06 05:06:28
1575608789,25227,2785791,110.4289451777857,2019-12-06 05:06:29
1575608790,24374,2742452,112.51546730122261,2019-12-06 05:06:30
1575608791,23610,2658698,112.60897924608217,2019-12-06 05:06:31
1575608792,24352,2816156,115.64372536136662,2019-12-06 05:06:32
1575608793,23994,2695830,112.35433858464616,2019-12-06 05:06:33
1575608794,25244,2721758,107.81801616225638,2019-12-06 05:06:34
1575608795,24463,2761465,112.88333401463434,2019-12-06 05:06:35
1575608796,24032,2748300,114.36001997336884,2019-12-06 05:06:36
1575608797,24072,2713170,112.71061814556332,2019-12-06 05:06:37
1575608798,24264,2730716,112.5418727332674,2019-12-06 05:06:38
1575608799,26068,2954318,113.33121067976063,2019-12-06 05:06:39
1575608800,23778,2658072,111.78703002775676,2019-12-06 05:06:40
1575608801,23938,2683116,112.08605564374635,2019-12-06 05:06:41
1575608802,24396,2714144,111.25364813903919,2019-12-06 05:06:42
1575608803,24162,2785870,115.29964406919957,2019-12-06 05:06:43
1575608804,25655,2818291,109.85347885402456,2019-12-06 05:06:44
1575608805,24655,2840265,115.20036503751774,2019-12-06 05:06:45
1575608806,24282,2741288,112.89383082118442,2019-12-06 05:06:46
1575608807,23888,2665838,111.59737106496986,2019-12-06 05:06:47
1575608808,23894,2663904,111.48840713149745,2019-12-06 05:06:48
1575608809,25538,2746776,107.55642571853708,2019-12-06 05:06:49
1575608810,24638,2846088,115.51619449630653,2019-12-06 05:06:50
1575608811,24357,2770826,113.75891940715195,2019-12-06 05:06:51
1575608812,24924,2913842,116.90908361418713,2019-12-06 05:06:52
1575608813,23786,2668666,112.19482048263684,2019-12-06 05:06:53
1575608814,25402,2741222,107.9136288481222,2019-12-06 05:06:54
1575608815,23984,2696118,112.41319212808538,2019-12-06 05:06:55
1575608816,24174,2696116,111.52957723173658,2019-12-06 05:06:56
1575608817,24350,2766662,113.6206160164271,2019-12-06 05:06:57
1575608818,25008,2955330,118.1753838771593,2019-12-06 05:06:58
1575608819,25929,2899736,111.83369971846196,2019-12-06 05:06:59
1575608820,23734,2639921,111.22950198028146,2019-12-06 05:07:00
1575608821,23629,2616554,110.73485970629311,2019-12-06 05:07:01
1575608822,24317,2721204,111.90541596414032,2019-12-06 05:07:02
1575608823,24008,2703604,112.61262912362545,2019-12-06 05:07:03
1575608824,25458,2778042,109.1225547961348,2019-12-06 05:07:04
1575608825,24167,2800978,115.900939297389,2019-12-06 05:07:05
1575608826,24071,2778812,115.44231648041212,2019-12-06 05:07:06
1575608827,24547,2774201,113.01588788854035,2019-12-06 05:07:07
1575608828,23898,2644426,110.65469913800318,2019-12-06 05:07:08
1575608829,25196,2735814,108.58128274329259,2019-12-06 05:07:09
1575608830,24252,2725534,112.38388586508329,2019-12-06 05:07:10
1575608831,24482,2819372,115.16101625684176,2019-12-06 05:07:11
1575608832,24490,2833946,115.71849734585545,2019-12-06 05:07:12
1575608833,24395,2794999,114.57261733961877,2019-12-06 05:07:13
1575608834,25618,3086992,120.50089780623,2019-12-06 05:07:14
1575608835,23858,2641638,110.72336323245871,2019-12-06 05:07:15
1575608836,23631,2639014,111.67593415428885,2019-12-06 05:07:16
1575608837,24240,2730072,112.62673267326733,2019-12-06 05:07:17
1575608838,23980,2791364,116.40383653044204,2019-12-06 05:07:18
1575608839,26126,3179332,121.69226058332696,2019-12-06 05:07:19
1575608840,24308,2781020,114.40760243541222,2019-12-06 05:07:20
1575608841,24381,3079282,126.29842910463066,2019-12-06 05:07:21
1575608842,23788,2640120,110.98537077518077,2019-12-06 05:07:22
1575608843,23960,2678542,111.79223706176961,2019-12-06 05:07:23
1575608844,25594,2839820,110.95647417363445,2019-12-06 05:07:24
1575608845,24090,2757856,114.48136156081361,2019-12-06 05:07:25
1575608846,24288,2733366,112.53977272727273,2019-12-06 05:07:26
1575608847,24340,2750776,113.01462612982745,2019-12-06 05:07:27
1575608848,23860,2721694,114.06932103939648,2019-12-06 05:07:28
1575608849,25605,2790811,108.99476664713923,2019-12-06 05:07:29
1575608850,23994,2685562,111.92639826623322,2019-12-06 05:07:30
1575608851,24128,2664860,110.44678381962865,2019-12-06 05:07:31
1575608852,23788,2666570,112.09727593744745,2019-12-06 05:07:32
1575608853,24484,2785118,113.75257310896912,2019-12-06 05:07:33
1575608854,26346,2959772,112.34236696272679,2019-12-06 05:07:34
1575608855,24404,2790220,114.33453532207835,2019-12-06 05:07:35
1575608856,24330,2770944,113.89001233045623,2019-12-06 05:07:36
1575608857,23646,2651386,112.12830922777637,2019-12-06 05:07:37
1575608858,23720,2643878,111.46197301854974,2019-12-06 05:07:38
1575608859,25404,2759992,108.64399307195717,2019-12-06 05:07:39
1575608860,24229,2808848,115.92917578108877,2019-12-06 05:07:40
1575608861,23663,2684672,113.45442251616447,2019-12-06 05:07:41
1575608862,24223,2807516,115.90290220038806,2019-12-06 05:07:42
1575608863,24466,3293874,134.63067113545327,2019-12-06 05:07:43
1575608864,25542,2771470,108.50638164591653,2019-12-06 05:07:44
1575608865,24084,2679448,111.25427669822288,2019-12-06 05:07:45
1575608866,24072,2691952,111.82917912927883,2019-12-06 05:07:46
1575608867,24434,2804600,114.78267987230907,2019-12-06 05:07:47
1575608868,24258,2761020,113.81894632698491,2019-12-06 05:07:48
1575608869,25207,2751828,109.16919903201492,2019-12-06 05:07:49
1575608870,24272,2788286,114.87664798945286,2019-12-06 05:07:50
1575608871,23153,2610510,112.7503995162614,2019-12-06 05:07:51
1575608872,23228,2607884,112.2732908558636,2019-12-06 05:07:52
1575608873,23594,2651964,112.39993218614902,2019-12-06 05:07:53
1575608874,25668,2871482,111.87011064360293,2019-12-06 05:07:54
1575608875,23846,2711788,113.72087561855238,2019-12-06 05:07:55
1575608876,23826,2679276,112.45177537144296,2019-12-06 05:07:56
1575608877,24476,2803778,114.5521327014218,2019-12-06 05:07:57
1575608878,23968,2712426,113.16864152202938,2019-12-06 05:07:58
1575608879,25509,2764149,108.35975538045396,2019-12-06 05:07:59
1575608880,23904,2662198,111.37039825970548,2019-12-06 05:08:00
1575608881,24629,2861840,116.19797799342238,2019-12-06 05:08:01
1575608882,24377,2744176,112.57234278213069,2019-12-06 05:08:02
1575608883,24328,2696806,110.85194015126604,2019-12-06 05:08:03
1575608884,25774,2874302,111.51943819352836,2019-12-06 05:08:04
1575608885,23887,2729540,114.26884916481768,2019-12-06 05:08:05
1575608886,23759,2660362,111.97281030346394,2019-12-06 05:08:06
1575608887,24675,2829576,114.67379939209727,2019-12-06 05:08:07
1575608888,24098,2718216,112.79840650676405,2019-12-06 05:08:08
1575608889,25038,2748848,109.78704369358574,2019-12-06 05:08:09
1575608890,23577,2638218,111.89795139330704,2019-12-06 05:08:10
1575608891,23131,2587120,111.84643984263542,2019-12-06 05:08:11
1575608892,23857,2785900,116.77495074820807,2019-12-06 05:08:12
1575608893,24279,2759454,113.65599901149142,2019-12-06 05:08:13
1575608894,25574,2864350,112.00242433721749,2019-12-06 05:08:14
1575608895,23964,2708404,113.01969621098314,2019-12-06 05:08:15
1575608896,23646,2639610,111.63029687896473,2019-12-06 05:08:16
1575608897,22736,2549032,112.1143560872625,2019-12-06 05:08:17
1575608898,22560,2530256,112.15673758865248,2019-12-06 05:08:18
1575608899,24998,2773216,110.9375150012001,2019-12-06 05:08:19
1575608900,23863,2760434,115.6784142815237,2019-12-06 05:08:20
1575608901,24434,2881890,117.94589506425473,2019-12-06 05:08:21
1575608902,23921,2677728,111.94047071610719,2019-12-06 05:08:22
1575608903,23605,2638454,111.77521711501801,2019-12-06 05:08:23
1575608904,26273,3177058,120.92482776995395,2019-12-06 05:08:24
1575608905,23980,2664206,111.10116763969975,2019-12-06 05:08:25
1575608906,24154,2703916,111.94485385443404,2019-12-06 05:08:26
1575608907,24596,2843124,115.59294194177915,2019-12-06 05:08:27
1575608908,24324,2808762,115.47286630488406,2019-12-06 05:08:28
1575608909,26239,3207751,122.25126719768284,2019-12-06 05:08:29
1575608910,24930,2861128,114.76646610509427,2019-12-06 05:08:30
1575608911,24813,3182320,128.25212590174505,2019-12-06 05:08:31
1575608912,24172,2755378,113.99048485851398,2019-12-06 05:08:32
1575608913,24095,2688820,111.59244656567752,2019-12-06 05:08:33
1575608914,25677,2782588,108.36889044670328,2019-12-06 05:08:34
1575608915,23499,2626958,111.79020383846121,2019-12-06 05:08:35
1575608916,23863,2653534,111.19867577421113,2019-12-06 05:08:36
1575608917,23724,2639410,111.25484741190355,2019-12-06 05:08:37
1575608918,24562,2835912,115.45932741633418,2019-12-06 05:08:38
1575608919,26664,3049294,114.35996099609962,2019-12-06 05:08:39
1575608920,23858,2721084,114.05331544974432,2019-12-06 05:08:40
1575608921,24234,2733988,112.8162086324998,2019-12-06 05:08:41
1575608922,24130,2688358,111.41143804392873,2019-12-06 05:08:42
1575608923,23940,2697216,112.66566416040101,2019-12-06 05:08:43
1575608924,25601,2832428,110.63739697668059,2019-12-06 05:08:44
1575608925,24323,2723860,111.98700818155655,2019-12-06 05:08:45
1575608926,24471,2838606,115.99877405909035,2019-12-06 05:08:46
1575608927,24050,2719272,113.06744282744283,2019-12-06 05:08:47
1575608928,24576,2771559,112.7750244140625,2019-12-06 05:08:48
1575608929,25601,2761003,107.84746689582438,2019-12-06 05:08:49
1575608930,23270,2581620,110.94198538891277,2019-12-06 05:08:50
1575608931,24016,2676644,111.45253164556962,2019-12-06 05:08:51
1575608932,24028,2698002,112.28574995838188,2019-12-06 05:08:52
1575608933,24434,2814324,115.18064991405419,2019-12-06 05:08:53
1575608934,26034,2887870,110.92686486901744,2019-12-06 05:08:54
1575608935,24378,2770618,113.65239150053327,2019-12-06 05:08:55
1575608936,23935,2681338,112.0258199289743,2019-12-06 05:08:56
1575608937,23702,2647762,111.71048856636571,2019-12-06 05:08:57
1575608938,24167,2729318,112.93573881739562,2019-12-06 05:08:58
1575608939,25750,2857417,110.96765048543689,2019-12-06 05:08:59
1575608940,24084,2768260,114.94187012124232,2019-12-06 05:09:00
1575608941,24449,2754914,112.68002781299849,2019-12-06 05:09:01
1575608942,24610,2833428,115.1331978870378,2019-12-06 05:09:02
1575608943,24233,2729636,112.64127429538233,2019-12-06 05:09:03
1575608944,25523,2759038,108.10006660659013,2019-12-06 05:09:04
1575608945,23880,2667104,111.68777219430486,2019-12-06 05:09:05
1575608946,24452,2802268,114.60281367577295,2019-12-06 05:09:06
1575608947,24398,2776758,113.81088613820805,2019-12-06 05:09:07
1575608948,24266,2868332,118.20374186104014,2019-12-06 05:09:08
1575608949,26228,3335748,127.18270550556657,2019-12-06 05:09:09
1575608950,24176,2729592,112.90502978160158,2019-12-06 05:09:10
1575608951,24121,2710430,112.36806102566229,2019-12-06 05:09:11
1575608952,23898,2646114,110.72533266382123,2019-12-06 05:09:12
1575608953,24702,2846746,115.2435430329528,2019-12-06 05:09:13
1575608954,25866,2863974,110.7234980282997,2019-12-06 05:09:14
1575608955,24294,2720090,111.96550588622705,2019-12-06 05:09:15
1575608956,24362,2796618,114.79426976438717,2019-12-06 05:09:16
1575608957,24105,2705410,112.23439120514416,2019-12-06 05:09:17
1575608958,23966,2692242,112.3358925143954,2019-12-06 05:09:18
1575608959,24927,2723900,109.27508324306976,2019-12-06 05:09:19
1575608960,23888,2733118,114.41384795713329,2019-12-06 05:09:20
1575608961,23960,2730036,113.94140233722871,2019-12-06 05:09:21
1575608962,23927,2660658,111.19898023153759,2019-12-06 05:09:22
1575608963,24770,2817682,113.75381509890997,2019-12-06 05:09:23
1575608964,25812,2858660,110.74926390825972,2019-12-06 05:09:24
1575608965,23942,2671858,111.59710968173086,2019-12-06 05:09:25
1575608966,23969,2673851,111.55454962660103,2019-12-06 05:09:26
1575608967,24271,2800805,115.3971818219274,2019-12-06 05:09:27
1575608968,24337,2752864,113.11435263179521,2019-12-06 05:09:28
1575608969,25354,2715892,107.11887670584524,2019-12-06 05:09:29
1575608970,24622,2791304,113.36625781821135,2019-12-06 05:09:30
1575608971,24002,2779442,115.80043329722523,2019-12-06 05:09:31
1575608972,24004,2692430,112.16588901849691,2019-12-06 05:09:32
1575608973,24130,2733423,113.27903025279734,2019-12-06 05:09:33
1575608974,26594,3303792,124.23072873580507,2019-12-06 05:09:34
1575608975,24010,2684860,111.8225739275302,2019-12-06 05:09:35
1575608976,23842,2661186,111.61756564046641,2019-12-06 05:09:36
1575608977,24398,2773782,113.68890892696123,2019-12-06 05:09:37
1575608978,24778,2820228,113.81984018080556,2019-12-06 05:09:38
1575608979,25743,3106288,120.66534591927903,2019-12-06 05:09:39
1575608980,23812,2634660,110.6442130018478,2019-12-06 05:09:40
1575608981,24498,3094269,126.3070046534411,2019-12-06 05:09:41
1575608982,24454,2799876,114.4956244377198,2019-12-06 05:09:42
1575608983,23792,2684780,112.84381304640215,2019-12-06 05:09:43
1575608984,26202,2889038,110.26020914434012,2019-12-06 05:09:44
1575608985,23790,2677628,112.55266918873477,2019-12-06 05:09:45
1575608986,23906,2720698,113.80816531414708,2019-12-06 05:09:46
1575608987,23750,2648414,111.51216842105264,2019-12-06 05:09:47
1575608988,23794,2644608,111.14600319408254,2019-12-06 05:09:48
1575608989,25982,2887712,111.14279116311292,2019-12-06 05:09:49
1575608990,24282,2781260,114.53998846882465,2019-12-06 05:09:50
1575608991,23950,2683096,112.0290605427975,2019-12-06 05:09:51
1575608992,24190,2806188,116.00611823067383,2019-12-06 05:09:52
1575608993,23963,2713472,113.23590535408755,2019-12-06 05:09:53
1575608994,25513,2763578,108.32038568572884,2019-12-06 05:09:54
1575608995,24454,2777214,113.56890488263679,2019-12-06 05:09:55
1575608996,24456,2795068,114.28966306836769,2019-12-06 05:09:56
1575608997,23727,2648725,111.63337126480381,2019-12-06 05:09:57
1575608998,24334,2710384,111.38259225774637,2019-12-06 05:09:58
1575608999,25917,2883417,111.25581664544508,2019-12-06 05:09:59
1575609000,24082,2770538,115.04600946765218,2019-12-06 05:10:00
1575609001,23857,2645728,110.8994425116318,2019-12-06 05:10:01
1575609002,24508,2797890,114.16231434633589,2019-12-06 05:10:02
1575609003,24490,2820796,115.1815434871376,2019-12-06 05:10:03
1575609004,25594,2785400,108.83019457685396,2019-12-06 05:10:04
1575609005,23984,2662446,111.00925617078052,2019-12-06 05:10:05
1575609006,23902,2747372,114.94318467073884,2019-12-06 05:10:06
1575609007,24028,2737756,113.94023639087732,2019-12-06 05:10:07
1575609008,24026,2701496,112.44052276700242,2019-12-06 05:10:08
1575609009,25996,2889226,111.14117556547161,2019-12-06 05:10:09
1575609010,24206,2739790,113.18640006609931,2019-12-06 05:10:10
1575609011,23956,2653304,110.75738854566706,2019-12-06 05:10:11
1575609012,23966,2667462,111.30192773095219,2019-12-06 05:10:12
1575609013,24098,2755388,114.34094115694249,2019-12-06 05:10:13
1575609014,26150,2888946,110.4759464627151,2019-12-06 05:10:14
1575609015,24170,2719302,112.50732312784443,2019-12-06 05:10:15
1575609016,24534,2821220,114.99225564522703,2019-12-06 05:10:16
1575609017,24130,2727332,113.02660588479071,2019-12-06 05:10:17
1575609018,24056,2675078,111.20211173927503,2019-12-06 05:10:18
1575609019,25345,2734370,107.88597356480568,2019-12-06 05:10:19
1575609020,24105,2703290,112.14644264675378,2019-12-06 05:10:20
1575609021,24622,2842812,115.45820810657136,2019-12-06 05:10:21
1575609022,24316,2735230,112.48683994077973,2019-12-06 05:10:22
1575609023,24518,2847574,116.14218125458846,2019-12-06 05:10:23
1575609024,23918,2688418,112.40145497115144,2019-12-06 05:10:24
1575609025,25620,2783596,108.64933645589383,2019-12-06 05:10:25
1575609026,23876,2646476,110.84251968503936,2019-12-06 05:10:26
1575609027,24220,2720900,112.34104046242774,2019-12-06 05:10:27
1575609028,24732,2860460,115.65825650978489,2019-12-06 05:10:28
1575609029,24050,2739968,113.92798336798337,2019-12-06 05:10:29
1575609030,26284,2938671,111.80455790595039,2019-12-06 05:10:30
1575609031,24022,2677207,111.44813088002664,2019-12-06 05:10:31
1575609032,23522,2611514,111.02431766006292,2019-12-06 05:10:32
1575609033,24026,2672142,111.21876300674269,2019-12-06 05:10:33
1575609034,24196,2763527,114.2142089601587,2019-12-06 05:10:34
1575609035,25877,2863244,110.64822042740657,2019-12-06 05:10:35
1575609036,24044,2742204,114.04940941607053,2019-12-06 05:10:36
1575609037,24707,2840587,114.97093940988384,2019-12-06 05:10:37
1575609038,23962,2684278,112.02228528503464,2019-12-06 05:10:38
1575609039,23860,2693236,112.87661357921208,2019-12-06 05:10:39
1575609040,25819,2785779,107.89647159068903,2019-12-06 05:10:40
1575609041,24280,2729402,112.41359143327841,2019-12-06 05:10:41
1575609042,24678,2837156,114.96701515519896,2019-12-06 05:10:42
1575609043,24377,2770961,113.67112442056036,2019-12-06 05:10:43
1575609044,24849,3147580,126.66827638939193,2019-12-06 05:10:44
1575609045,25482,2806674,110.14339533788556,2019-12-06 05:10:45
1575609046,23921,2691303,112.50796371389156,2019-12-06 05:10:46
1575609047,24156,2697852,111.68455042225534,2019-12-06 05:10:47
1575609048,24020,2693006,112.11515403830141,2019-12-06 05:10:48
1575609049,24588,3115587,126.71168862859932,2019-12-06 05:10:49
1575609050,26018,2866242,110.1638096702283,2019-12-06 05:10:50
1575609051,24487,3082316,125.87560746518561,2019-12-06 05:10:51
1575609052,24770,2819856,113.84158255954785,2019-12-06 05:10:52
1575609053,24262,2793232,115.12785425768692,2019-12-06 05:10:53
1575609054,24202,2709288,111.9447979505826,2019-12-06 05:10:54
1575609055,25131,2740550,109.05057498706776,2019-12-06 05:10:55
1575609056,24393,2773572,113.70360349280531,2019-12-06 05:10:56
1575609057,24320,2804694,115.32458881578947,2019-12-06 05:10:57
1575609058,24546,2803610,114.21860995681577,2019-12-06 05:10:58
1575609059,24684,2803795,113.58754658888348,2019-12-06 05:10:59
1575609060,25673,2824216,110.00724496552799,2019-12-06 05:11:00
1575609061,23771,2642846,111.17942030204871,2019-12-06 05:11:01
1575609062,24295,2721210,112.00699732455237,2019-12-06 05:11:02
1575609063,23926,2699996,112.84778065702584,2019-12-06 05:11:03
1575609064,24758,2896318,116.98513611761855,2019-12-06 05:11:04
1575609065,26311,2951600,112.18121698149064,2019-12-06 05:11:05
1575609066,24135,2691192,111.50577998756992,2019-12-06 05:11:06
1575609067,24110,2664334,110.50742430526752,2019-12-06 05:11:07
1575609068,24044,2714516,112.89785393445351,2019-12-06 05:11:08
1575609069,24046,2682370,111.55160941528736,2019-12-06 05:11:09
1575609070,26210,2898366,110.58244944677604,2019-12-06 05:11:10
1575609071,24560,2879464,117.24201954397394,2019-12-06 05:11:11
1575609072,24326,2798024,115.02195182109676,2019-12-06 05:11:12
1575609073,24028,2657948,110.61877809222574,2019-12-06 05:11:13
1575609074,23834,2669258,111.9937064697491,2019-12-06 05:11:14
1575609075,25942,2852280,109.94834631100146,2019-12-06 05:11:15
1575609076,24042,2748234,114.30970801098078,2019-12-06 05:11:16
1575609077,24334,2793478,114.79732062135284,2019-12-06 05:11:17
1575609078,24696,2843180,115.12714609653385,2019-12-06 05:11:18
1575609079,24327,2793668,114.83816335758623,2019-12-06 05:11:19
1575609080,25864,2811136,108.68914321064027,2019-12-06 05:11:20
1575609081,23776,2655840,111.70255720053835,2019-12-06 05:11:21
1575609082,24928,2777260,111.41126444159178,2019-12-06 05:11:22
1575609083,24206,2727650,112.68487151945799,2019-12-06 05:11:23
1575609084,24310,2789840,114.76100370218018,2019-12-06 05:11:24
1575609085,26035,2841034,109.12364125216055,2019-12-06 05:11:25
1575609086,24883,2870624,115.36486758027569,2019-12-06 05:11:26
1575609087,23988,2713608,113.12356178089044,2019-12-06 05:11:27
1575609088,24304,2715962,111.74958854509546,2019-12-06 05:11:28
1575609089,23895,2667315,111.62649089767734,2019-12-06 05:11:29
1575609090,25840,2896730,112.10255417956657,2019-12-06 05:11:30
1575609091,24222,2707994,111.79894310956982,2019-12-06 05:11:31
1575609092,24210,2729356,112.73672036348616,2019-12-06 05:11:32
1575609093,24438,2772880,113.46591374089533,2019-12-06 05:11:33
1575609094,24309,2767191,113.83401209428607,2019-12-06 05:11:34
1575609095,25768,2815902,109.27902825209563,2019-12-06 05:11:35
1575609096,24290,2732236,112.48398517908605,2019-12-06 05:11:36
1575609097,24609,2830443,115.016579300256,2019-12-06 05:11:37
1575609098,24064,2712988,112.74052526595744,2019-12-06 05:11:38
1575609099,23673,2619208,110.64115236767626,2019-12-06 05:11:39
1575609100,25906,2848901,109.97070176793021,2019-12-06 05:11:40
1575609101,24120,2763510,114.57338308457712,2019-12-06 05:11:41
1575609102,24190,2719976,112.4421661843737,2019-12-06 05:11:42
1575609103,23994,2706352,112.79286488288739,2019-12-06 05:11:43
1575609104,24235,2764957,114.08941613369095,2019-12-06 05:11:44
1575609105,25384,2792706,110.0183580208005,2019-12-06 05:11:45
1575609106,24057,2682805,111.51868479028973,2019-12-06 05:11:46
1575609107,24046,2686052,111.70473259585793,2019-12-06 05:11:47
1575609108,24052,2760462,114.77058040911359,2019-12-06 05:11:48
1575609109,23789,2720623,114.36474841313212,2019-12-06 05:11:49
1575609110,25909,2841064,109.65548651047898,2019-12-06 05:11:50
1575609111,23543,2684032,114.00552181115405,2019-12-06 05:11:51
1575609112,23930,2694072,112.58136230672795,2019-12-06 05:11:52
1575609113,23938,2703088,112.92037764224246,2019-12-06 05:11:53
1575609114,24340,3046482,125.16359901396878,2019-12-06 05:11:54
1575609115,26618,2984290,112.11548576151476,2019-12-06 05:11:55
1575609116,23875,2673115,111.96293193717277,2019-12-06 05:11:56
1575609117,24118,2716471,112.63251513392487,2019-12-06 05:11:57
1575609118,23756,2624222,110.4656507829601,2019-12-06 05:11:58
1575609119,24426,3120117,127.73753377548513,2019-12-06 05:11:59
1575609120,25825,2873908,111.28394966118103,2019-12-06 05:12:00
1575609121,24376,3048204,125.04939284542172,2019-12-06 05:12:01
1575609122,23484,2645158,112.63660364503492,2019-12-06 05:12:02
1575609123,24364,2807732,115.24101132818913,2019-12-06 05:12:03
1575609124,24130,2729328,113.1093244923332,2019-12-06 05:12:04
1575609125,25295,2760888,109.14757857284049,2019-12-06 05:12:05
1575609126,24598,2854266,116.03650703309212,2019-12-06 05:12:06
1575609127,24250,2754696,113.59571134020618,2019-12-06 05:12:07
1575609128,23854,2647254,110.97736228724742,2019-12-06 05:12:08
1575609129,24322,2706204,111.26568538771483,2019-12-06 05:12:09
1575609130,26036,2912990,111.88316177600245,2019-12-06 05:12:10
1575609131,24264,2717642,112.00304978569073,2019-12-06 05:12:11
1575609132,24256,2744526,113.14833443271768,2019-12-06 05:12:12
1575609133,24617,2827364,114.85412519803388,2019-12-06 05:12:13
1575609134,23611,2707620,114.67621024098936,2019-12-06 05:12:14
1575609135,25323,2731644,107.8720530742803,2019-12-06 05:12:15
1575609136,23487,2653334,112.97032400902627,2019-12-06 05:12:16
1575609137,24400,2836028,116.23065573770492,2019-12-06 05:12:17
1575609138,24502,2853792,116.47179822055342,2019-12-06 05:12:18
1575609139,24318,2789302,114.70112673739617,2019-12-06 05:12:19
1575609140,25646,2794850,108.97800826639632,2019-12-06 05:12:20
1575609141,23784,2656880,111.70871173898419,2019-12-06 05:12:21
1575609142,23903,2684416,112.30456428063422,2019-12-06 05:12:22
1575609143,24174,2696760,111.55621742367833,2019-12-06 05:12:23
1575609144,24369,2776682,113.94320653289014,2019-12-06 05:12:24
1575609145,26321,2947112,111.96808631890886,2019-12-06 05:12:25
1575609146,24402,2811786,115.22768625522498,2019-12-06 05:12:26
1575609147,24392,2734928,112.12397507379468,2019-12-06 05:12:27
1575609148,23868,2667488,111.76001340707224,2019-12-06 05:12:28
1575609149,24227,2718941,112.22772113757378,2019-12-06 05:12:29
1575609150,25342,2777818,109.61321126982874,2019-12-06 05:12:30
1575609151,23786,2652984,111.5355250987976,2019-12-06 05:12:31
1575609152,24624,2840560,115.35737491877843,2019-12-06 05:12:32
1575609153,24412,2840466,116.35531705718499,2019-12-06 05:12:33
1575609154,24258,2750800,113.39764201500536,2019-12-06 05:12:34
1575609155,25624,2777122,108.37972213549797,2019-12-06 05:12:35
1575609156,23222,2584454,111.29334252002411,2019-12-06 05:12:36
1575609157,22804,2559382,112.23390633222242,2019-12-06 05:12:37
1575609158,23820,2707074,113.6471032745592,2019-12-06 05:12:38
1575609159,24550,2845676,115.91348268839104,2019-12-06 05:12:39
1575609160,26372,2971372,112.67146974063401,2019-12-06 05:12:40
1575609161,23980,2775170,115.72852376980818,2019-12-06 05:12:41
1575609162,23558,2628606,111.58018507513371,2019-12-06 05:12:42
1575609163,23004,2577138,112.02999478351592,2019-12-06 05:12:43
1575609164,23010,2581648,112.1967840069535,2019-12-06 05:12:44
1575609165,24745,2733322,110.459567589412,2019-12-06 05:12:45
1575609166,24095,2817986,116.95314380576883,2019-12-06 05:12:46
1575609167,24110,2808046,116.46810452094567,2019-12-06 05:12:47
1575609168,23804,2655260,111.5467988573349,2019-12-06 05:12:48
1575609169,23612,2609554,110.51812637641876,2019-12-06 05:12:49
1575609170,25288,2753200,108.87377412211326,2019-12-06 05:12:50
1575609171,23940,2656632,110.97042606516291,2019-12-06 05:12:51
1575609172,23594,2642731,112.00860388234297,2019-12-06 05:12:52
1575609173,24991,2911947,116.5198271377696,2019-12-06 05:12:53
1575609174,24718,2881316,116.56752164414597,2019-12-06 05:12:54
1575609175,25682,2809612,109.40004672533291,2019-12-06 05:12:55
1575609176,23922,2664792,111.39503386004515,2019-12-06 05:12:56
1575609177,23748,2632918,110.86904160350345,2019-12-06 05:12:57
1575609178,24138,2698378,111.78962631535339,2019-12-06 05:12:58
1575609179,24474,2789311,113.97037672632182,2019-12-06 05:12:59
1575609180,25937,2824122,108.8839110151521,2019-12-06 05:13:00
1575609181,24745,2874682,116.17223681551829,2019-12-06 05:13:01
1575609182,24951,2939456,117.80914592601499,2019-12-06 05:13:02
1575609183,23865,2674170,112.05405405405405,2019-12-06 05:13:03
1575609184,23797,2972548,124.91272009076775,2019-12-06 05:13:04
1575609185,25790,2838352,110.05630089181854,2019-12-06 05:13:05
1575609186,23788,2666318,112.08668236085421,2019-12-06 05:13:06
1575609187,24100,2666338,110.63643153526971,2019-12-06 05:13:07
1575609188,24262,2800738,115.43722693924656,2019-12-06 05:13:08
1575609189,24916,3236302,129.8885053780703,2019-12-06 05:13:09
1575609190,25818,2856024,110.62142691145712,2019-12-06 05:13:10
1575609191,24171,2999291,124.08634313847172,2019-12-06 05:13:11
1575609192,24081,2701599,112.18799053195465,2019-12-06 05:13:12
1575609193,24116,2731467,113.26368386133687,2019-12-06 05:13:13
1575609194,24193,2725438,112.653990823792,2019-12-06 05:13:14
1575609195,26120,2882745,110.36542879019908,2019-12-06 05:13:15
1575609196,24549,2817660,114.77697665892704,2019-12-06 05:13:16
1575609197,24126,2805306,116.27729420542154,2019-12-06 05:13:17
1575609198,23970,2660922,111.01051314142678,2019-12-06 05:13:18
1575609199,23482,2612283,111.24618856996848,2019-12-06 05:13:19
1575609200,24820,2694798,108.57365028203063,2019-12-06 05:13:20
1575609201,24036,2690060,111.91795639873523,2019-12-06 05:13:21
1575609202,23570,2644446,112.1954179041154,2019-12-06 05:13:22
1575609203,24916,2859314,114.75814737518061,2019-12-06 05:13:23
1575609204,24750,2914874,117.77268686868688,2019-12-06 05:13:24
1575609205,25466,2770630,108.79721982250844,2019-12-06 05:13:25
1575609206,23902,2626362,109.88042841603213,2019-12-06 05:13:26
1575609207,24047,2679495,111.42741298290846,2019-12-06 05:13:27
1575609208,23938,2658658,111.06433285988804,2019-12-06 05:13:28
1575609209,23721,2623771,110.60962859913157,2019-12-06 05:13:29
1575609210,26316,2955202,112.296777625779,2019-12-06 05:13:30
1575609211,24706,2898620,117.32453654982595,2019-12-06 05:13:31
1575609212,24128,2708276,112.24618700265252,2019-12-06 05:13:32
1575609213,23844,2654576,111.33098473410502,2019-12-06 05:13:33
1575609214,24194,2686356,111.03397536579317,2019-12-06 05:13:34
1575609215,25428,2750084,108.1518011640711,2019-12-06 05:13:35
1575609216,23862,2678952,112.26854412874026,2019-12-06 05:13:36
1575609217,24462,2797828,114.37445834355327,2019-12-06 05:13:37
1575609218,24600,2869658,116.65276422764228,2019-12-06 05:13:38
1575609219,24574,2831592,115.22715064702531,2019-12-06 05:13:39
1575609220,25366,2735964,107.8594969644406,2019-12-06 05:13:40
1575609221,24032,2655888,110.51464713715046,2019-12-06 05:13:41
1575609222,24076,2680874,111.35047350058149,2019-12-06 05:13:42
1575609223,23304,2639773,113.275532097494,2019-12-06 05:13:43
1575609224,23296,2646558,113.60568337912088,2019-12-06 05:13:44
1575609225,25489,2858680,112.1534779708894,2019-12-06 05:13:45
1575609226,23944,2828932,118.1478449716004,2019-12-06 05:13:46
1575609227,24012,2688834,111.97876061969015,2019-12-06 05:13:47
1575609228,23807,2631958,110.55395471920023,2019-12-06 05:13:48
1575609229,24122,2675890,110.93151479976785,2019-12-06 05:13:49
1575609230,25412,2772646,109.10774437273729,2019-12-06 05:13:50
1575609231,24116,2724792,112.98689666611378,2019-12-06 05:13:51
1575609232,24396,2859250,117.20159042465978,2019-12-06 05:13:52
1575609233,24588,2882610,117.23645680819912,2019-12-06 05:13:53
1575609234,23882,2677264,112.10384389917093,2019-12-06 05:13:54
1575609235,25501,2726138,106.90318026744049,2019-12-06 05:13:55
1575609236,23799,2651138,111.39703348880205,2019-12-06 05:13:56
1575609237,23906,2679144,112.06994060068602,2019-12-06 05:13:57
1575609238,24356,2746422,112.76161931351618,2019-12-06 05:13:58
1575609239,23819,2646579,111.11209538603636,2019-12-06 05:13:59
1575609240,26392,3063762,116.08676871779328,2019-12-06 05:14:00
1575609241,23914,2737432,114.46985029689722,2019-12-06 05:14:01
1575609242,23992,2716204,113.21290430143381,2019-12-06 05:14:02
1575609243,23934,2644568,110.49419236232974,2019-12-06 05:14:03
1575609244,23858,2658986,111.4504987844748,2019-12-06 05:14:04
1575609245,25352,2770380,109.27658567371411,2019-12-06 05:14:05
1575609246,24256,2719162,112.10265501319262,2019-12-06 05:14:06
1575609247,23962,2705174,112.89433269343127,2019-12-06 05:14:07
1575609248,24542,2841044,115.76252954119468,2019-12-06 05:14:08
1575609249,24262,2788584,114.93627895474404,2019-12-06 05:14:09
1575609250,25834,2840792,109.96330417279555,2019-12-06 05:14:10
1575609251,23784,2669274,112.22981836528758,2019-12-06 05:14:11
1575609252,23630,2636772,111.585780787135,2019-12-06 05:14:12
1575609253,24006,2722368,113.40364908772807,2019-12-06 05:14:13
1575609254,24255,3030298,124.93498247783963,2019-12-06 05:14:14
1575609255,26049,2926943,112.36296978770778,2019-12-06 05:14:15
1575609256,24732,2937878,118.78853307455928,2019-12-06 05:14:16
1575609257,24382,2799004,114.7979657124108,2019-12-06 05:14:17
1575609258,23940,2675058,111.74010025062657,2019-12-06 05:14:18
1575609259,23878,2955308,123.76698215930982,2019-12-06 05:14:19
1575609260,25588,2796144,109.27559793653275,2019-12-06 05:14:20
1575609261,24459,3056926,124.98164274909031,2019-12-06 05:14:21
1575609262,24522,2811194,114.63967049995922,2019-12-06 05:14:22
1575609263,24666,2917414,118.27673720911376,2019-12-06 05:14:23
1575609264,23842,2694566,113.01761597181445,2019-12-06 05:14:24
1575609265,25366,2740722,108.04707088228338,2019-12-06 05:14:25
1575609266,24002,2708692,112.85276226981085,2019-12-06 05:14:26
1575609267,24376,2753468,112.9581555628487,2019-12-06 05:14:27
1575609268,24274,2776238,114.37084946856719,2019-12-06 05:14:28
1575609269,24429,2798243,114.54594948626632,2019-12-06 05:14:29
1575609270,25922,2863120,110.45135406218655,2019-12-06 05:14:30
1575609271,24230,2771232,114.37193561700371,2019-12-06 05:14:31
1575609272,23590,2633166,111.6221280203476,2019-12-06 05:14:32
1575609273,23620,2623014,111.05055038103302,2019-12-06 05:14:33
1575609274,24156,2727202,112.89956946514323,2019-12-06 05:14:34
1575609275,26342,2944736,111.78862652797814,2019-12-06 05:14:35
1575609276,24324,2767874,113.79189278079264,2019-12-06 05:14:36
1575609277,24312,2793304,114.8940440934518,2019-12-06 05:14:37
1575609278,24200,2724626,112.58785123966942,2019-12-06 05:14:38
1575609279,23980,2702752,112.70859049207674,2019-12-06 05:14:39
1575609280,25680,2818008,109.73551401869159,2019-12-06 05:14:40
1575609281,24456,2819840,115.30258423290807,2019-12-06 05:14:41
1575609282,24118,2718540,112.71830168339,2019-12-06 05:14:42
1575609283,24201,2686954,111.02656915003513,2019-12-06 05:14:43
1575609284,24353,2790490,114.58506138874061,2019-12-06 05:14:44
1575609285,25860,2846618,110.07803557617943,2019-12-06 05:14:45
1575609286,24246,2737572,112.90819104182133,2019-12-06 05:14:46
1575609287,24318,2763826,113.65350768977711,2019-12-06 05:14:47
1575609288,24248,2790458,115.07992411745299,2019-12-06 05:14:48
1575609289,24000,2672396,111.34983333333334,2019-12-06 05:14:49
1575609290,25504,2765034,108.41569949811795,2019-12-06 05:14:50
1575609291,24240,2755548,113.67772277227722,2019-12-06 05:14:51
1575609292,24742,2841268,114.83582572144532,2019-12-06 05:14:52
1575609293,24244,2770644,114.28163669361491,2019-12-06 05:14:53
1575609294,24212,2743810,113.32438460267636,2019-12-06 05:14:54
1575609295,25338,2777798,109.62972610308627,2019-12-06 05:14:55
1575609296,23778,2650096,111.45159391033728,2019-12-06 05:14:56
1575609297,23634,2601846,110.08910891089108,2019-12-06 05:14:57
1575609298,23946,2693104,112.46571452434645,2019-12-06 05:14:58
1575609299,24444,2828149,115.69910816560301,2019-12-06 05:14:59
1575609300,11644,1340096,115.0889728615596,2019-12-06 05:15:00
1575609300,14413,1565070,108.58738638728926,2019-12-06 05:15:00
1575609301,24517,2822162,115.11041318268956,2019-12-06 05:15:01
1575609302,24145,2712810,112.35493891074756,2019-12-06 05:15:02
1575609303,23584,2614110,110.84252035278155,2019-12-06 05:15:03
1575609304,23654,2641784,111.68445083284011,2019-12-06 05:15:04
1575609305,25710,2802148,108.9905873201089,2019-12-06 05:15:05
1575609306,24164,2790504,115.48187386194338,2019-12-06 05:15:06
1575609307,24560,2834696,115.41921824104234,2019-12-06 05:15:07
1575609308,23746,2671310,112.49515707908701,2019-12-06 05:15:08
1575609309,23976,2699540,112.59342676009342,2019-12-06 05:15:09
1575609310,25330,2804142,110.70438215554678,2019-12-06 05:15:10
1575609311,24230,2672230,110.28600907965333,2019-12-06 05:15:11
1575609312,23734,2672882,112.61826914974299,2019-12-06 05:15:12
1575609313,23786,2694678,113.28840494408476,2019-12-06 05:15:13
1575609314,24084,2766846,114.88315894369705,2019-12-06 05:15:14
1575609315,24584,2815336,114.51903677188415,2019-12-06 05:15:15
1575609316,26200,2919890,111.44618320610687,2019-12-06 05:15:16
1575609317,23882,2696894,112.92580185914078,2019-12-06 05:15:17
1575609318,23726,2635672,111.08792042485038,2019-12-06 05:15:18
1575609319,23890,2678230,112.10673922143157,2019-12-06 05:15:19
1575609320,24428,2785506,114.02922875388899,2019-12-06 05:15:20
1575609321,25840,2881482,111.5124613003096,2019-12-06 05:15:21
1575609322,24762,2860708,115.52814796866166,2019-12-06 05:15:22
1575609323,24018,2706498,112.68623532350738,2019-12-06 05:15:23
1575609324,23684,2938130,124.05548049315993,2019-12-06 05:15:24
1575609325,23750,2642398,111.25886315789474,2019-12-06 05:15:25
1575609326,25674,2800844,109.09262288696736,2019-12-06 05:15:26
1575609327,24208,2699418,111.50933575677462,2019-12-06 05:15:27
1575609328,24714,2896022,117.18143562353322,2019-12-06 05:15:28
1575609329,24757,3185503,128.6708001777275,2019-12-06 05:15:29
1575609330,24007,2723144,113.4312492189778,2019-12-06 05:15:30
1575609331,25797,3104638,120.34880024809087,2019-12-06 05:15:31
1575609332,23953,2675886,111.71402329562059,2019-12-06 05:15:32
1575609333,23771,2650656,111.50797189853182,2019-12-06 05:15:33
1575609334,24316,2707594,111.35030432636947,2019-12-06 05:15:34
1575609335,24610,2834694,115.18464039008533,2019-12-06 05:15:35
1575609336,26036,2953608,113.44323244738055,2019-12-06 05:15:36
1575609337,24148,2748578,113.82217989067418,2019-12-06 05:15:37
1575609338,24072,2686438,111.60011631771353,2019-12-06 05:15:38
1575609339,23680,2624936,110.85033783783784,2019-12-06 05:15:39
1575609340,23805,2697318,113.30888468809074,2019-12-06 05:15:40
1575609341,25717,2803212,109.00229420227865,2019-12-06 05:15:41
1575609342,24616,2867116,116.47367565810855,2019-12-06 05:15:42
1575609343,24228,2780690,114.7717516922569,2019-12-06 05:15:43
1575609344,24354,2773274,113.87344994662068,2019-12-06 05:15:44
1575609345,24118,2667606,110.60643502778008,2019-12-06 05:15:45
1575609346,25377,2753419,108.50057138353627,2019-12-06 05:15:46
1575609347,23701,2649847,111.80317286190456,2019-12-06 05:15:47
1575609348,24222,2735678,112.9418710263397,2019-12-06 05:15:48
1575609349,24390,2775722,113.80574005740057,2019-12-06 05:15:49
1575609350,24774,2879054,116.21272301606523,2019-12-06 05:15:50
1575609351,25991,2879726,110.79704513100688,2019-12-06 05:15:51
1575609352,23829,2662476,111.73259473750473,2019-12-06 05:15:52
1575609353,24134,2684766,111.24413690229552,2019-12-06 05:15:53
1575609354,23850,2653202,111.24536687631027,2019-12-06 05:15:54
1575609355,24394,2721864,111.57924079691728,2019-12-06 05:15:55
1575609356,25748,2878358,111.78957588938947,2019-12-06 05:15:56
1575609357,24564,2853620,116.17081908483961,2019-12-06 05:15:57
1575609358,24594,2816458,114.51809384402699,2019-12-06 05:15:58
1575609359,23954,2669287,111.43387325707606,2019-12-06 05:15:59
1575609360,24235,2691096,111.04171652568598,2019-12-06 05:16:00
1575609361,25172,2704444,107.43858255204195,2019-12-06 05:16:01
1575609362,23990,2693034,112.25652355147979,2019-12-06 05:16:02
1575609363,24784,2817200,113.67010974822466,2019-12-06 05:16:03
1575609364,24603,2861810,116.31955452587083,2019-12-06 05:16:04
1575609365,24215,2773206,114.52430311790212,2019-12-06 05:16:05
1575609366,25570,2764268,108.10590535784122,2019-12-06 05:16:06
1575609367,23915,2661238,111.27902989755384,2019-12-06 05:16:07
1575609368,23938,2678774,111.90467039852953,2019-12-06 05:16:08
1575609369,24134,2711362,112.34615065882159,2019-12-06 05:16:09
1575609370,23798,2703710,113.61080763089335,2019-12-06 05:16:10
1575609371,26375,2982452,113.07874881516588,2019-12-06 05:16:11
1575609372,24219,2816994,116.31339031339031,2019-12-06 05:16:12
1575609373,23539,2620276,111.31636857980374,2019-12-06 05:16:13
1575609374,23592,2620910,111.09316717531367,2019-12-06 05:16:14
1575609375,23564,2624942,111.39628246477677,2019-12-06 05:16:15
1575609376,25601,2783054,108.7088004374829,2019-12-06 05:16:16
1575609377,24453,2777442,113.5828732670838,2019-12-06 05:16:17
1575609378,24144,2775522,114.95700795228628,2019-12-06 05:16:18
1575609379,24541,2819534,114.89075424799316,2019-12-06 05:16:19
1575609380,24184,2746158,113.55267945749256,2019-12-06 05:16:20
1575609381,25474,2748506,107.89455915835754,2019-12-06 05:16:21
1575609382,23940,2671938,111.60977443609022,2019-12-06 05:16:22
1575609383,24399,2735058,112.09713512848887,2019-12-06 05:16:23
1575609384,23653,2672626,112.99310869657126,2019-12-06 05:16:24
1575609385,24582,2834098,115.29159547636482,2019-12-06 05:16:25
1575609386,26058,2918716,112.00844270473559,2019-12-06 05:16:26
1575609387,24035,2746784,114.28267110463906,2019-12-06 05:16:27
1575609388,23309,2599048,111.5040542279806,2019-12-06 05:16:28
1575609389,23531,2618575,111.28192596999702,2019-12-06 05:16:29
1575609390,23910,2664270,111.42910915934755,2019-12-06 05:16:30
1575609391,25460,2770182,108.80526315789474,2019-12-06 05:16:31
1575609392,24228,2735262,112.8967310549777,2019-12-06 05:16:32
1575609393,25004,2939297,117.55307150855863,2019-12-06 05:16:33
1575609394,24242,3075531,126.86787393779392,2019-12-06 05:16:34
1575609395,23873,2689298,112.65019059188204,2019-12-06 05:16:35
1575609396,25687,2774861,108.02588858177288,2019-12-06 05:16:36
1575609397,24366,2716634,111.49281786095379,2019-12-06 05:16:37
1575609398,23964,2683840,111.99465865464865,2019-12-06 05:16:38
1575609399,24200,3038872,125.57322314049587,2019-12-06 05:16:39
1575609400,24871,2929013,117.76820393229062,2019-12-06 05:16:40
1575609401,25556,3161288,123.70042260134606,2019-12-06 05:16:41
1575609402,23596,2660492,112.75182234276996,2019-12-06 05:16:42
1575609403,23838,2671296,112.06040775232822,2019-12-06 05:16:43
1575609404,23452,2621346,111.7749445676275,2019-12-06 05:16:44
1575609405,23690,2647614,111.76082735331363,2019-12-06 05:16:45
1575609406,26408,2958996,112.04922750681612,2019-12-06 05:16:46
1575609407,24528,2838738,115.73458904109589,2019-12-06 05:16:47
1575609408,24081,2783039,115.56990988746314,2019-12-06 05:16:48
1575609409,23998,2682708,111.78881573464456,2019-12-06 05:16:49
1575609410,24210,2705860,111.76621230896323,2019-12-06 05:16:50
1575609411,25328,2742480,108.27858496525585,2019-12-06 05:16:51
1575609412,24060,2691890,111.88237738985869,2019-12-06 05:16:52
1575609413,24294,2739220,112.75294311352597,2019-12-06 05:16:53
1575609414,24342,2808042,115.35789992605373,2019-12-06 05:16:54
1575609415,24174,2780120,115.00455034334409,2019-12-06 05:16:55
1575609416,26236,2909516,110.89785028205519,2019-12-06 05:16:56
1575609417,23584,2631614,111.5847184531886,2019-12-06 05:16:57
1575609418,24008,2672092,111.30006664445185,2019-12-06 05:16:58
1575609419,23654,2645299,111.83305149234802,2019-12-06 05:16:59
1575609420,23570,2629504,111.56147645311837,2019-12-06 05:17:00
1575609421,25858,2923392,113.05561141619614,2019-12-06 05:17:01
1575609422,23975,2766196,115.37835245046924,2019-12-06 05:17:02
1575609423,24026,2753490,114.60459502205944,2019-12-06 05:17:03
1575609424,23691,2669597,112.68401502680342,2019-12-06 05:17:04
1575609425,24049,2680467,111.45856376564514,2019-12-06 05:17:05
1575609426,24926,2709230,108.6909251384097,2019-12-06 05:17:06
1575609427,24127,2774142,114.98080988104613,2019-12-06 05:17:07
1575609428,23749,2717419,114.42245989304813,2019-12-06 05:17:08
1575609429,23122,2627402,113.63212524868091,2019-12-06 05:17:09
1575609430,23368,2665152,114.05135227661759,2019-12-06 05:17:10
1575609431,25085,2798319,111.5534781742077,2019-12-06 05:17:11
1575609432,23235,2621146,112.81024316763504,2019-12-06 05:17:12
1575609433,23981,2721262,113.4757516367124,2019-12-06 05:17:13
1575609434,24107,2760853,114.52495125897042,2019-12-06 05:17:14
1575609435,24192,2735006,113.05415013227513,2019-12-06 05:17:15
1575609436,25594,2769400,108.20504805813863,2019-12-06 05:17:16
1575609437,24000,2754861,114.785875,2019-12-06 05:17:17
1575609438,24135,2733190,113.24590843173814,2019-12-06 05:17:18
1575609439,23814,2666136,111.95666414714034,2019-12-06 05:17:19
1575609440,23743,2673605,112.60603125131618,2019-12-06 05:17:20
1575609441,26396,2947054,111.64774965903925,2019-12-06 05:17:21
1575609442,23827,2717534,114.0527133084316,2019-12-06 05:17:22
1575609443,24906,2834956,113.82622661206135,2019-12-06 05:17:23
1575609444,23904,2696046,112.78639558232932,2019-12-06 05:17:24
1575609445,24092,2728532,113.25469035364436,2019-12-06 05:17:25
1575609446,25604,2765638,108.01585689735978,2019-12-06 05:17:26
1575609447,23838,2652950,111.29079620773555,2019-12-06 05:17:27
1575609448,24252,2741434,113.03950189675078,2019-12-06 05:17:28
1575609449,24777,2882611,116.34221253581951,2019-12-06 05:17:29
1575609450,24085,2717270,112.8200124558854,2019-12-06 05:17:30
1575609451,25533,2793518,109.40813848744762,2019-12-06 05:17:31
1575609452,24308,2800214,115.19721902254402,2019-12-06 05:17:32
1575609453,24326,2736612,112.49741017840994,2019-12-06 05:17:33
1575609454,23774,2634438,110.81172709682846,2019-12-06 05:17:34
1575609455,24481,2808614,114.72627752134308,2019-12-06 05:17:35
1575609456,25808,2868097,111.13209082455053,2019-12-06 05:17:36
1575609457,24210,2688216,111.03742255266418,2019-12-06 05:17:37
1575609458,24342,2757650,113.28773313614329,2019-12-06 05:17:38
1575609459,24062,2747410,114.18045050286759,2019-12-06 05:17:39
1575609460,23910,2666416,111.51886240066918,2019-12-06 05:17:40
1575609461,25830,2827242,109.45574912891986,2019-12-06 05:17:41
1575609462,24424,2822320,115.55519161480511,2019-12-06 05:17:42
1575609463,23505,2638274,112.24309721335887,2019-12-06 05:17:43
1575609464,24401,3021762,123.83762960534405,2019-12-06 05:17:44
1575609465,24072,2741262,113.87761714855434,2019-12-06 05:17:45
1575609466,25972,2872080,110.58370552903126,2019-12-06 05:17:46
1575609467,24078,2699242,112.10407841182823,2019-12-06 05:17:47
1575609468,24878,2859930,114.95819599646273,2019-12-06 05:17:48
1575609469,24616,3110874,126.37609684757881,2019-12-06 05:17:49
1575609470,23728,2651464,111.74409979770735,2019-12-06 05:17:50
1575609471,25684,3086020,120.15340289674505,2019-12-06 05:17:51
1575609472,24031,2713296,112.90816029295493,2019-12-06 05:17:52
1575609473,24593,2805216,114.0656284308543,2019-12-06 05:17:53
1575609474,24354,2799402,114.94629219019463,2019-12-06 05:17:54
1575609475,24332,2778806,114.20376458984055,2019-12-06 05:17:55
1575609476,25728,2828940,109.95569029850746,2019-12-06 05:17:56
1575609477,23754,2630130,110.72366759282647,2019-12-06 05:17:57
1575609478,23566,2632756,111.7184078757532,2019-12-06 05:17:58
1575609479,24125,2731037,113.20360621761658,2019-12-06 05:17:59
1575609480,24672,2842268,115.20217250324254,2019-12-06 05:18:00
1575609481,26496,3013998,113.7529438405797,2019-12-06 05:18:01
1575609482,23974,2696862,112.49111537498958,2019-12-06 05:18:02
1575609483,24492,2704300,110.41564592520007,2019-12-06 05:18:03
1575609484,23692,2646644,111.71045078507512,2019-12-06 05:18:04
1575609485,23953,2664525,111.23971945059074,2019-12-06 05:18:05
1575609486,25570,2809984,109.89378177551818,2019-12-06 05:18:06
1575609487,24450,2819060,115.29897750511248,2019-12-06 05:18:07
1575609488,24469,2836613,115.92680534553925,2019-12-06 05:18:08
1575609489,23878,2731346,114.38755339643185,2019-12-06 05:18:09
1575609490,23204,2583468,111.33718324426823,2019-12-06 05:18:10
1575609491,25111,2719337,108.29266058699375,2019-12-06 05:18:11
1575609492,23949,2693240,112.45730510668504,2019-12-06 05:18:12
1575609493,23584,2636294,111.78315807327002,2019-12-06 05:18:13
1575609494,23717,2689613,113.40443563688494,2019-12-06 05:18:14
1575609495,24706,2846038,115.19622763701125,2019-12-06 05:18:15
1575609496,26136,2970292,113.64753596571778,2019-12-06 05:18:16
1575609497,24331,2734823,112.40076445686573,2019-12-06 05:18:17
1575609498,23738,2640822,111.2487151402814,2019-12-06 05:18:18
1575609499,23785,2642790,111.11162497372294,2019-12-06 05:18:19
1575609500,23844,2680975,112.438139573897,2019-12-06 05:18:20
1575609501,25454,2788866,109.56494067730023,2019-12-06 05:18:21
1575609502,25070,2938628,117.21691264459514,2019-12-06 05:18:22
1575609503,24380,2825972,115.91353568498769,2019-12-06 05:18:23
1575609504,23658,2654634,112.20872432158255,2019-12-06 05:18:24
1575609505,23795,2661726,111.86072704349654,2019-12-06 05:18:25
1575609506,25715,2765744,107.55372350768035,2019-12-06 05:18:26
1575609507,23886,2647990,110.85949928828603,2019-12-06 05:18:27
1575609508,24168,2696134,111.55801059251904,2019-12-06 05:18:28
1575609509,24479,2768617,113.10171984149679,2019-12-06 05:18:29
1575609510,24344,2804518,115.20366414722314,2019-12-06 05:18:30
1575609511,26520,3011328,113.54932126696832,2019-12-06 05:18:31
1575609512,23608,2658858,112.62529650965774,2019-12-06 05:18:32
1575609513,23922,2639818,110.35105760387927,2019-12-06 05:18:33
1575609514,24038,2670910,111.11198935019553,2019-12-06 05:18:34
1575609515,23804,2652464,111.42933960678877,2019-12-06 05:18:35
1575609516,25919,2845960,109.80207569736487,2019-12-06 05:18:36
1575609517,24491,2818546,115.08496998897554,2019-12-06 05:18:37
1575609518,24762,2887180,116.59720539536386,2019-12-06 05:18:38
1575609519,24184,2711236,112.10866688719815,2019-12-06 05:18:39
1575609520,23596,2607268,110.4961857942024,2019-12-06 05:18:40
1575609521,25414,2756110,108.44849295663808,2019-12-06 05:18:41
1575609522,24000,2709802,112.90841666666667,2019-12-06 05:18:42
1575609523,24720,2779790,112.45105177993527,2019-12-06 05:18:43
1575609524,24828,2902414,116.90083776381505,2019-12-06 05:18:44
1575609525,24180,2844360,117.63275434243177,2019-12-06 05:18:45
1575609526,25910,2828004,109.14720185256658,2019-12-06 05:18:46
1575609527,23996,2720206,113.3608101350225,2019-12-06 05:18:47
1575609528,24682,2834804,114.85309132161089,2019-12-06 05:18:48
1575609529,24556,2760146,112.40210131943313,2019-12-06 05:18:49
1575609530,24366,2738694,112.398177788722,2019-12-06 05:18:50
1575609531,26008,2910570,111.91056597969856,2019-12-06 05:18:51
1575609532,24573,2886288,117.45769747283605,2019-12-06 05:18:52
1575609533,23673,2691402,113.69078697250032,2019-12-06 05:18:53
1575609534,24770,3114030,125.7178037949132,2019-12-06 05:18:54
1575609535,24078,2698038,112.05407425865936,2019-12-06 05:18:55
1575609536,25002,2737910,109.50763938884889,2019-12-06 05:18:56
1575609537,24433,2738340,112.0754716981132,2019-12-06 05:18:57
1575609538,24289,2755586,113.44995677055458,2019-12-06 05:18:58
1575609539,25317,3308723,130.6917486274045,2019-12-06 05:18:59
1575609540,24094,2730310,113.31908358927534,2019-12-06 05:19:00
1575609541,25551,3060764,119.79038002426519,2019-12-06 05:19:01
1575609542,23718,2647996,111.6449953621722,2019-12-06 05:19:02
1575609543,24280,2764828,113.87265238879736,2019-12-06 05:19:03
1575609544,24189,2721990,112.530075654223,2019-12-06 05:19:04
1575609545,24552,2811962,114.53087324861518,2019-12-06 05:19:05
1575609546,26078,2910008,111.58861875910729,2019-12-06 05:19:06
1575609547,24280,2800788,115.35370675453048,2019-12-06 05:19:07
1575609548,24134,2691260,111.51321786690976,2019-12-06 05:19:08
1575609549,23926,2662068,111.26255955863914,2019-12-06 05:19:09
1575609550,23716,2644654,111.51349300050599,2019-12-06 05:19:10
1575609551,25386,2768104,109.04057354447333,2019-12-06 05:19:11
1575609552,24287,2751944,113.30934244657635,2019-12-06 05:19:12
1575609553,24686,2860160,115.86162197196792,2019-12-06 05:19:13
1575609554,24422,2799832,114.64384571288183,2019-12-06 05:19:14
1575609555,24726,2813746,113.79705573080967,2019-12-06 05:19:15
1575609556,25464,2779040,109.13603518693057,2019-12-06 05:19:16
1575609557,23478,2613834,111.33120368004089,2019-12-06 05:19:17
1575609558,24124,2715032,112.54485160006632,2019-12-06 05:19:18
1575609559,24434,2793970,114.34763035115003,2019-12-06 05:19:19
1575609560,24390,2774530,113.75686756867569,2019-12-06 05:19:20
1575609561,25720,2805814,109.0907465007776,2019-12-06 05:19:21
1575609562,24149,2739964,113.46076442088699,2019-12-06 05:19:22
1575609563,24519,2796926,114.07178106774339,2019-12-06 05:19:23
1575609564,23877,2665236,111.6235708003518,2019-12-06 05:19:24
1575609565,23918,2675428,111.8583493603144,2019-12-06 05:19:25
1575609566,25816,2856100,110.6329408118996,2019-12-06 05:19:26
1575609567,24604,2800140,113.80832384978052,2019-12-06 05:19:27
1575609568,23681,2640854,111.51784130737722,2019-12-06 05:19:28
1575609569,24621,2796295,113.57357540311116,2019-12-06 05:19:29
1575609570,24413,2778006,113.79207799123418,2019-12-06 05:19:30
1575609571,25667,2824806,110.05594732535941,2019-12-06 05:19:31
1575609572,23936,2655232,110.93048128342247,2019-12-06 05:19:32
1575609573,23746,2649386,111.57188579129117,2019-12-06 05:19:33
1575609574,24080,2699818,112.1186877076412,2019-12-06 05:19:34
1575609575,24316,2790552,114.76196742885342,2019-12-06 05:19:35
1575609576,25690,2867538,111.6207862981705,2019-12-06 05:19:36
1575609577,24841,2860418,115.14906807294392,2019-12-06 05:19:37
1575609578,24385,2759528,113.16497847037112,2019-12-06 05:19:38
1575609579,24247,2709450,111.74372087268529,2019-12-06 05:19:39
1575609580,23611,2622204,111.05857439329127,2019-12-06 05:19:40
1575609581,25687,2810270,109.40436796823296,2019-12-06 05:19:41
1575609582,24151,2777916,115.02281479027783,2019-12-06 05:19:42
1575609583,24176,2755820,113.98990734612839,2019-12-06 05:19:43
1575609584,24704,2824542,114.33541126943005,2019-12-06 05:19:44
1575609585,23925,2718316,113.618223615465,2019-12-06 05:19:45
1575609586,25555,2759742,107.99225200547838,2019-12-06 05:19:46
1575609587,24276,2699470,111.19912670950733,2019-12-06 05:19:47
1575609588,24036,2707916,112.66084207022799,2019-12-06 05:19:48
1575609589,24208,2776484,114.69282881692003,2019-12-06 05:19:49
1575609590,23774,2667956,112.22158660721797,2019-12-06 05:19:50
1575609591,24356,2704356,111.03448842174413,2019-12-06 05:19:51
1575609592,25876,2949674,113.9926572886072,2019-12-06 05:19:52
1575609593,23878,2695040,112.86707429432951,2019-12-06 05:19:53
1575609594,24130,2713546,112.45528387898881,2019-12-06 05:19:54
1575609595,23776,2676854,112.58638963660835,2019-12-06 05:19:55
1575609596,24150,2789524,115.50824016563146,2019-12-06 05:19:56
1575609597,25866,2814556,108.81295909688394,2019-12-06 05:19:57
1575609598,24440,2765792,113.16661211129296,2019-12-06 05:19:58
1575609599,24305,2777775,114.28821230199547,2019-12-06 05:19:59
1575609600,24107,2707770,112.32297672875099,2019-12-06 05:20:00
1575609601,23794,2662544,111.89980667395142,2019-12-06 05:20:01
1575609602,25714,2813142,109.40118223535816,2019-12-06 05:20:02
1575609603,24365,2842882,116.6789246870511,2019-12-06 05:20:03
1575609604,23856,2963178,124.21101609657947,2019-12-06 05:20:04
1575609605,24267,2773602,114.29521572505872,2019-12-06 05:20:05
1575609606,24021,2751854,114.56034303317931,2019-12-06 05:20:06
1575609607,25764,2793978,108.44503959012576,2019-12-06 05:20:07
1575609608,24372,2769884,113.65025439028393,2019-12-06 05:20:08
1575609609,24384,3123028,128.07693569553805,2019-12-06 05:20:09
1575609610,23956,2686774,112.1545333110703,2019-12-06 05:20:10
1575609611,24652,3041950,123.39566769430472,2019-12-06 05:20:11
1575609612,25382,2814756,110.89575289575289,2019-12-06 05:20:12
1575609613,23995,2738806,114.14069597832882,2019-12-06 05:20:13
1575609614,24212,2750030,113.58128200892119,2019-12-06 05:20:14
1575609615,23833,2730392,114.5635043846767,2019-12-06 05:20:15
1575609616,24327,2778816,114.22764829202121,2019-12-06 05:20:16
1575609617,25281,2748362,108.71255092757407,2019-12-06 05:20:17
1575609618,23790,2637692,110.8739806641446,2019-12-06 05:20:18
1575609619,24376,2796939,114.74150804069576,2019-12-06 05:20:19
1575609620,23860,2736135,114.67455993294216,2019-12-06 05:20:20
1575609621,24307,2738257,112.65302176327806,2019-12-06 05:20:21
1575609622,26216,2916846,111.26205370765945,2019-12-06 05:20:22
1575609623,24035,2711423,112.81144164759725,2019-12-06 05:20:23
1575609624,23882,2658698,111.3264383217486,2019-12-06 05:20:24
1575609625,23928,2676140,111.84135740554999,2019-12-06 05:20:25
1575609626,24096,2702422,112.15230743691899,2019-12-06 05:20:26
1575609627,26149,2922761,111.77333741252056,2019-12-06 05:20:27
1575609628,24654,2821110,114.42808469213921,2019-12-06 05:20:28
1575609629,24379,2787179,114.32704376717666,2019-12-06 05:20:29
1575609630,23709,2670574,112.6396726981315,2019-12-06 05:20:30
1575609631,23845,2673070,112.10190815684629,2019-12-06 05:20:31
1575609632,25614,2779030,108.49652533770595,2019-12-06 05:20:32
1575609633,23900,2665118,111.51121338912134,2019-12-06 05:20:33
1575609634,24272,2785584,114.76532630191167,2019-12-06 05:20:34
1575609635,24565,2812213,114.48048035823327,2019-12-06 05:20:35
1575609636,23704,2713582,114.47780965237935,2019-12-06 05:20:36
1575609637,25426,2805260,110.33037048690316,2019-12-06 05:20:37
1575609638,23619,2655354,112.42448875904992,2019-12-06 05:20:38
1575609639,23399,2624376,112.15761357322963,2019-12-06 05:20:39
1575609640,23876,2666348,111.67481990283129,2019-12-06 05:20:40
1575609641,24490,2829032,115.51784401796651,2019-12-06 05:20:41
1575609642,26279,2940278,111.88698200083716,2019-12-06 05:20:42
1575609643,24309,2734324,112.48196141346827,2019-12-06 05:20:43
1575609644,24484,2801746,114.43171050481948,2019-12-06 05:20:44
1575609645,23448,2628944,112.1180484476288,2019-12-06 05:20:45
1575609646,23966,2669858,111.40190269548528,2019-12-06 05:20:46
1575609647,25252,2707198,107.20727071123079,2019-12-06 05:20:47
1575609648,24308,2755764,113.36860292907684,2019-12-06 05:20:48
1575609649,24508,2800130,114.2537130732822,2019-12-06 05:20:49
1575609650,24648,2891692,117.31953911067835,2019-12-06 05:20:50
1575609651,23995,2727377,113.66438841425297,2019-12-06 05:20:51
1575609652,25151,2719860,108.14122698898652,2019-12-06 05:20:52
1575609653,23561,2625792,111.44654301600102,2019-12-06 05:20:53
1575609654,23282,2604282,111.85817369641784,2019-12-06 05:20:54
1575609655,24110,2716220,112.65947739527167,2019-12-06 05:20:55
1575609656,24162,2739000,113.35982120685374,2019-12-06 05:20:56
1575609657,26375,2950764,111.87730805687204,2019-12-06 05:20:57
1575609658,24446,2798418,114.47345168943795,2019-12-06 05:20:58
1575609659,23876,2670771,111.86006868822248,2019-12-06 05:20:59
1575609660,23879,2676280,112.07672013065874,2019-12-06 05:21:00
1575609661,23687,2632840,111.15126440663656,2019-12-06 05:21:01
1575609662,25282,2746300,108.62669092635076,2019-12-06 05:21:02
1575609663,24354,2772000,113.82113821138212,2019-12-06 05:21:03
1575609664,23998,2767312,115.31427618968247,2019-12-06 05:21:04
1575609665,24132,2797434,115.92217802088513,2019-12-06 05:21:05
1575609666,23516,2666310,113.38280319782275,2019-12-06 05:21:06
1575609667,24701,2667832,108.0050200396745,2019-12-06 05:21:07
1575609668,23469,2634754,112.26528612211854,2019-12-06 05:21:08
1575609669,23288,2607680,111.97526623153556,2019-12-06 05:21:09
1575609670,24262,2714324,111.87552551314813,2019-12-06 05:21:10
1575609671,24522,2863530,116.77391729875214,2019-12-06 05:21:11
1575609672,26266,2944038,112.0855097845123,2019-12-06 05:21:12
1575609673,23998,2726700,113.62196849737478,2019-12-06 05:21:13
1575609674,23985,2952424,123.09460079216177,2019-12-06 05:21:14
1575609675,24254,2703898,111.4825595778016,2019-12-06 05:21:15
1575609676,23494,2623348,111.66033880990891,2019-12-06 05:21:16
1575609677,25582,2793846,109.21139863966852,2019-12-06 05:21:17
1575609678,24354,2781826,114.22460376118913,2019-12-06 05:21:18
1575609679,24822,3246210,130.77955039883975,2019-12-06 05:21:19
1575609680,23672,2664386,112.55432578573843,2019-12-06 05:21:20
1575609681,24596,3054252,124.17677671166044,2019-12-06 05:21:21
1575609682,25466,2740166,107.60095814026545,2019-12-06 05:21:22
1575609683,24138,2671781,110.687753749275,2019-12-06 05:21:23
1575609684,23623,2650320,112.19235490835203,2019-12-06 05:21:24
1575609685,24059,2757029,114.59449686188121,2019-12-06 05:21:25
1575609686,23770,2750111,115.69671855279765,2019-12-06 05:21:26
1575609687,25066,2794746,111.49549190138036,2019-12-06 05:21:27
1575609688,23526,2665500,113.30017852588625,2019-12-06 05:21:28
1575609689,23434,2619681,111.78974993599044,2019-12-06 05:21:29
1575609690,23625,2626448,111.17240211640211,2019-12-06 05:21:30
1575609691,23743,2660437,112.05142568335931,2019-12-06 05:21:31
1575609692,25602,2818057,110.07175220685883,2019-12-06 05:21:32
1575609693,24181,2802736,115.9065381911418,2019-12-06 05:21:33
1575609694,23860,2794094,117.10368818105616,2019-12-06 05:21:34
1575609695,23099,2613396,113.13892376293346,2019-12-06 05:21:35
1575609696,23180,2584798,111.50983606557377,2019-12-06 05:21:36
1575609697,24381,2656520,108.95861531520447,2019-12-06 05:21:37
1575609698,22938,2580452,112.49681750806522,2019-12-06 05:21:38
1575609699,24326,2734376,112.40549206610211,2019-12-06 05:21:39
1575609700,24516,2806004,114.4560287159406,2019-12-06 05:21:40
1575609701,23820,2711910,113.85012594458438,2019-12-06 05:21:41
1575609702,26165,2896374,110.6965029619721,2019-12-06 05:21:42
1575609703,24269,2741980,112.9828175862211,2019-12-06 05:21:43
1575609704,24048,2712172,112.78160345974717,2019-12-06 05:21:44
1575609705,24426,2783190,113.94374846475067,2019-12-06 05:21:45
1575609706,23634,2608402,110.36650588135737,2019-12-06 05:21:46
1575609707,25468,2799106,109.90678498507931,2019-12-06 05:21:47
1575609708,24484,2849004,116.36186897565757,2019-12-06 05:21:48
1575609709,23946,2717088,113.46730142821347,2019-12-06 05:21:49
1575609710,24482,2818058,115.10734417122784,2019-12-06 05:21:50
1575609711,23940,2688282,112.29248120300753,2019-12-06 05:21:51
1575609712,25409,2769094,108.98083356291077,2019-12-06 05:21:52
1575609713,23843,2637888,110.63574214654196,2019-12-06 05:21:53
1575609714,24012,2729304,113.66416791604198,2019-12-06 05:21:54
1575609715,24612,2854460,115.97838452787258,2019-12-06 05:21:55
1575609716,24132,2716928,112.58610972981933,2019-12-06 05:21:56
1575609717,25998,2934476,112.87314408800677,2019-12-06 05:21:57
1575609718,24262,2694784,111.07015085318605,2019-12-06 05:21:58
1575609719,23989,2679035,111.67764392013007,2019-12-06 05:21:59
1575609720,23850,2657588,111.42926624737946,2019-12-06 05:22:00
1575609721,24022,2673582,111.29722754142037,2019-12-06 05:22:01
1575609722,25950,2896900,111.63391136801542,2019-12-06 05:22:02
1575609723,24565,2766722,112.62861795237126,2019-12-06 05:22:03
1575609724,24781,2873596,115.95964650336951,2019-12-06 05:22:04
1575609725,24048,2717506,113.00340984697272,2019-12-06 05:22:05
1575609726,24266,2682792,110.557652682766,2019-12-06 05:22:06
1575609727,25600,2797100,109.26171875,2019-12-06 05:22:07
1575609728,23694,2653646,111.99653920823837,2019-12-06 05:22:08
1575609729,24180,2716736,112.35467328370554,2019-12-06 05:22:09
1575609730,24412,2823470,115.6591020809438,2019-12-06 05:22:10
1575609731,24704,2843484,115.10216968911917,2019-12-06 05:22:11
1575609732,25650,2837766,110.63415204678363,2019-12-06 05:22:12
1575609733,24193,2703393,111.74277683627496,2019-12-06 05:22:13
1575609734,23910,2665710,111.48933500627352,2019-12-06 05:22:14
1575609735,23972,2674132,111.55231102953445,2019-12-06 05:22:15
1575609736,23666,2642224,111.64641257500212,2019-12-06 05:22:16
1575609737,25904,2914680,112.51852995676343,2019-12-06 05:22:17
1575609738,24728,2876454,116.32376253639599,2019-12-06 05:22:18
1575609739,24342,2745268,112.7790649905513,2019-12-06 05:22:19
1575609740,23872,2656092,111.26390750670241,2019-12-06 05:22:20
1575609741,23748,2645866,111.41426646454438,2019-12-06 05:22:21
1575609742,25006,2679498,107.15420299128209,2019-12-06 05:22:22
1575609743,24284,2757812,113.5649810574864,2019-12-06 05:22:23
1575609744,24879,3175546,127.63961574018248,2019-12-06 05:22:24
1575609745,24127,2766562,114.6666390351059,2019-12-06 05:22:25
1575609746,24432,2817606,115.32441060903733,2019-12-06 05:22:26
1575609747,25688,2772248,107.91996262846466,2019-12-06 05:22:27
1575609748,23606,2622864,111.11005676522917,2019-12-06 05:22:28
1575609749,23998,2993856,124.75439619968331,2019-12-06 05:22:29
1575609750,24100,2702712,112.14572614107884,2019-12-06 05:22:30
1575609751,24823,3170812,127.73685694718608,2019-12-06 05:22:31
1575609752,26020,2920314,112.23343581860108,2019-12-06 05:22:32
1575609753,24046,2750410,114.38118606005156,2019-12-06 05:22:33
1575609754,23483,2628956,111.95145424349529,2019-12-06 05:22:34
1575609755,23428,2604048,111.15110124637187,2019-12-06 05:22:35
1575609756,23224,2609288,112.35308301756804,2019-12-06 05:22:36
1575609757,25439,2783830,109.43158143008766,2019-12-06 05:22:37
1575609758,24032,2732024,113.68275632490014,2019-12-06 05:22:38
1575609759,24742,2916960,117.89507719666963,2019-12-06 05:22:39
1575609760,24030,2761420,114.91552226383688,2019-12-06 05:22:40
1575609761,24328,2747688,112.94343965800724,2019-12-06 05:22:41
1575609762,25234,2708528,107.33645082032179,2019-12-06 05:22:42
1575609763,24098,2704514,112.22981160262262,2019-12-06 05:22:43
1575609764,23594,2628006,111.38450453505128,2019-12-06 05:22:44
1575609765,24160,2689768,111.33145695364239,2019-12-06 05:22:45
1575609766,23902,2700460,112.98050372353778,2019-12-06 05:22:46
1575609767,25884,2922966,112.92559109874826,2019-12-06 05:22:47
1575609768,24564,2824924,115.0026054388536,2019-12-06 05:22:48
1575609769,24301,2739636,112.73758281552199,2019-12-06 05:22:49
1575609770,23891,2660696,111.36813025825624,2019-12-06 05:22:50
1575609771,23884,2639940,110.53173672751633,2019-12-06 05:22:51
1575609772,24972,2703650,108.2672593304501,2019-12-06 05:22:52
1575609773,23808,2680112,112.57190860215054,2019-12-06 05:22:53
1575609774,23904,2658406,111.21176372155288,2019-12-06 05:22:54
1575609775,24228,2782928,114.86412415387156,2019-12-06 05:22:55
1575609776,24700,2918244,118.14753036437247,2019-12-06 05:22:56
1575609777,27392,2948906,107.65573890186916,2019-12-06 05:22:57
1575609778,24135,2741554,113.59245908431738,2019-12-06 05:22:58
1575609779,24142,2724729,112.86260458951206,2019-12-06 05:22:59
1575609780,23713,2633178,111.04364694471387,2019-12-06 05:23:00
1575609781,23794,2698777,113.4225855257628,2019-12-06 05:23:01
1575609782,25743,2879425,111.85273666627822,2019-12-06 05:23:02
1575609783,24338,2784132,114.39444490097789,2019-12-06 05:23:03
1575609784,24122,2791204,115.71196418207445,2019-12-06 05:23:04
1575609785,24063,2689684,111.77675269085317,2019-12-06 05:23:05
1575609786,23898,2664060,111.47627416520211,2019-12-06 05:23:06
1575609787,25512,2773528,108.71464408905614,2019-12-06 05:23:07
1575609788,24648,2791780,113.26598506978254,2019-12-06 05:23:08
1575609789,24470,2803870,114.58398038414386,2019-12-06 05:23:09
1575609790,24186,2743286,113.4245431241214,2019-12-06 05:23:10
1575609791,24347,2792964,114.71491354170945,2019-12-06 05:23:11
1575609792,25287,2758254,109.07794518922766,2019-12-06 05:23:12
1575609793,23954,2671628,111.53160223762211,2019-12-06 05:23:13
1575609794,24001,2683536,111.80934127744678,2019-12-06 05:23:14
1575609795,24421,2832970,116.00548708079113,2019-12-06 05:23:15
1575609796,24478,2792304,114.07402565569082,2019-12-06 05:23:16
1575609797,25303,2782646,109.97296763229656,2019-12-06 05:23:17
1575609798,24380,2793110,114.5656275635767,2019-12-06 05:23:18
1575609799,24057,2739100,113.85875213035708,2019-12-06 05:23:19
1575609800,23945,2670536,111.52791814575068,2019-12-06 05:23:20
1575609801,24294,2704326,111.31662138799703,2019-12-06 05:23:21
1575609802,25399,2912626,114.67482971770542,2019-12-06 05:23:22
1575609803,25178,2787806,110.723885932163,2019-12-06 05:23:23
1575609804,24165,2713934,112.30846265259673,2019-12-06 05:23:24
1575609805,24084,2750860,114.21939877096828,2019-12-06 05:23:25
1575609806,24099,2747164,113.9949375492759,2019-12-06 05:23:26
1575609807,23957,2693456,112.42876820970906,2019-12-06 05:23:27
1575609808,25973,2861886,110.18696338505372,2019-12-06 05:23:28
1575609809,24607,2814527,114.37911976266916,2019-12-06 05:23:29
1575609810,24012,2714734,113.05738797268033,2019-12-06 05:23:30
1575609811,23848,2658334,111.46989265347199,2019-12-06 05:23:31
1575609812,23946,2700566,112.77733233107826,2019-12-06 05:23:32
1575609813,25911,2919952,112.69159816294238,2019-12-06 05:23:33
1575609814,24468,3098726,126.64402484878208,2019-12-06 05:23:34
1575609815,24372,2738932,112.38027244378796,2019-12-06 05:23:35
1575609816,24096,2769740,114.94604913678619,2019-12-06 05:23:36
1575609817,23620,2665500,112.84928027095681,2019-12-06 05:23:37
1575609818,25446,2725790,107.12056904818046,2019-12-06 05:23:38
1575609819,24447,3074504,125.7620157892584,2019-12-06 05:23:39
1575609820,24197,2757889,113.97648468818448,2019-12-06 05:23:40
1575609821,24606,3116559,126.65849792733479,2019-12-06 05:23:41
1575609822,24229,2735700,112.91014899500598,2019-12-06 05:23:42
1575609823,26017,2909971,111.84882961140792,2019-12-06 05:23:43
1575609824,23957,2683622,112.01828275660559,2019-12-06 05:23:44
1575609825,24147,2676860,110.85683521762537,2019-12-06 05:23:45
1575609826,23792,2645858,111.20788500336248,2019-12-06 05:23:46
1575609827,24495,2790835,113.93488467034089,2019-12-06 05:23:47
1575609828,26126,2920448,111.78320447064227,2019-12-06 05:23:48
1575609829,24690,2848198,115.35836371000406,2019-12-06 05:23:49
1575609830,24150,2722274,112.72356107660455,2019-12-06 05:23:50
1575609831,23982,2674452,111.51913935451589,2019-12-06 05:23:51
1575609832,23604,2637752,111.75021182850364,2019-12-06 05:23:52
1575609833,25652,2778562,108.31755808513957,2019-12-06 05:23:53
1575609834,23950,2716968,113.44334029227558,2019-12-06 05:23:54
1575609835,24491,2808805,114.68723204442448,2019-12-06 05:23:55
1575609836,23906,2671462,111.74859867815611,2019-12-06 05:23:56
1575609837,24206,2780578,114.87143683384285,2019-12-06 05:23:57
1575609838,25742,2840276,110.33625980887265,2019-12-06 05:23:58
1575609839,24079,2715415,112.77108683915445,2019-12-06 05:23:59
1575609840,24000,2686184,111.92433333333334,2019-12-06 05:24:00
1575609841,24086,2706596,112.37216640372,2019-12-06 05:24:01
1575609842,23950,2718166,113.4933611691023,2019-12-06 05:24:02
1575609843,26176,2945278,112.51826100244499,2019-12-06 05:24:03
1575609844,24481,2820669,115.21870021649443,2019-12-06 05:24:04
1575609845,24400,2722974,111.59729508196722,2019-12-06 05:24:05
1575609846,23758,2631680,110.77026685747958,2019-12-06 05:24:06
1575609847,24057,2686093,111.65536018622439,2019-12-06 05:24:07
1575609848,25428,2774394,109.1078338839075,2019-12-06 05:24:08
1575609849,24202,2740448,113.23229485166515,2019-12-06 05:24:09
1575609850,24463,2867605,117.22213138208723,2019-12-06 05:24:10
1575609851,24361,2800777,114.96970567710684,2019-12-06 05:24:11
1575609852,24128,2696522,111.75903514588859,2019-12-06 05:24:12
1575609853,25357,2729079,107.62625704933549,2019-12-06 05:24:13
1575609854,23817,2651836,111.34215056472267,2019-12-06 05:24:14
1575609855,23853,2718162,113.9547226763929,2019-12-06 05:24:15
1575609856,24091,2732888,113.44020588601552,2019-12-06 05:24:16
1575609857,24914,2889864,115.99357790800353,2019-12-06 05:24:17
1575609858,26092,2932106,112.37567070366396,2019-12-06 05:24:18
1575609859,24175,2703909,111.84732161323682,2019-12-06 05:24:19
1575609860,23648,2631630,111.28340663058187,2019-12-06 05:24:20
1575609861,23532,2623178,111.47280299167092,2019-12-06 05:24:21
1575609862,23406,2609020,111.46799965820729,2019-12-06 05:24:22
1575609863,25554,2786562,109.04602019253346,2019-12-06 05:24:23
1575609864,24870,2876896,115.67736228387615,2019-12-06 05:24:24
1575609865,24470,2845546,116.28712709440131,2019-12-06 05:24:25
1575609866,24461,2767410,113.13560361391603,2019-12-06 05:24:26
1575609867,23507,2614708,111.23103756327902,2019-12-06 05:24:27
1575609868,25514,2767004,108.45041937759662,2019-12-06 05:24:28
1575609869,23637,2631683,111.337437069002,2019-12-06 05:24:29
1575609870,23852,2694230,112.95614623511655,2019-12-06 05:24:30
1575609871,24820,2868082,115.5552780016116,2019-12-06 05:24:31
1575609872,23970,2713112,113.18781810596579,2019-12-06 05:24:32
1575609873,26279,2912489,110.82952167129648,2019-12-06 05:24:33
1575609874,24003,2718831,113.27046619172603,2019-12-06 05:24:34
1575609875,23900,2697564,112.86878661087866,2019-12-06 05:24:35
1575609876,23580,2610880,110.72434266327396,2019-12-06 05:24:36
1575609877,24134,2755066,114.15703986077733,2019-12-06 05:24:37
1575609878,26039,2882390,110.69511117938477,2019-12-06 05:24:38
1575609879,23947,2723068,113.712281287844,2019-12-06 05:24:39
1575609880,24498,2826962,115.39562413258226,2019-12-06 05:24:40
1575609881,24064,2686572,111.64278590425532,2019-12-06 05:24:41
1575609882,23648,2618636,110.73393098782138,2019-12-06 05:24:42
1575609883,25751,2812245,109.20915692594463,2019-12-06 05:24:43
1575609884,23856,2977412,124.80767940979209,2019-12-06 05:24:44
1575609885,24715,2863356,115.85498685009104,2019-12-06 05:24:45
1575609886,23948,2717248,113.46450643059963,2019-12-06 05:24:46
1575609887,24646,2834888,115.0242635721821,2019-12-06 05:24:47
1575609888,25716,2794962,108.68572095193653,2019-12-06 05:24:48
1575609889,24205,3006350,124.2036769262549,2019-12-06 05:24:49
1575609890,23702,2625668,110.7783309425365,2019-12-06 05:24:50
1575609891,24138,3009672,124.68605518269948,2019-12-06 05:24:51
1575609892,24110,2724528,113.00406470344255,2019-12-06 05:24:52
1575609893,25962,2946238,113.48270549264309,2019-12-06 05:24:53
1575609894,24664,2866202,116.20994161530976,2019-12-06 05:24:54
1575609895,24012,2686544,111.88339163751458,2019-12-06 05:24:55
1575609896,23506,2619548,111.44167446609376,2019-12-06 05:24:56
1575609897,24274,2693802,110.97478783883992,2019-12-06 05:24:57
1575609898,25601,2766372,108.05718526620053,2019-12-06 05:24:58
1575609899,24178,2744977,113.53201257341385,2019-12-06 05:24:59
1575609900,24358,2747966,112.81574841941045,2019-12-06 05:25:00
1575609901,24207,2799352,115.64225224108729,2019-12-06 05:25:01
1575609902,24162,2827672,117.0297160831057,2019-12-06 05:25:02
1575609903,25131,2755908,109.6616927300943,2019-12-06 05:25:03
1575609904,23721,2652406,111.81678681337212,2019-12-06 05:25:04
1575609905,24006,2688056,111.97433974839623,2019-12-06 05:25:05
1575609906,24023,2691055,112.01993922490946,2019-12-06 05:25:06
1575609907,23841,2658916,111.5270332620276,2019-12-06 05:25:07
1575609908,26485,3004540,113.44308098923919,2019-12-06 05:25:08
1575609909,24923,2885311,115.76900854632268,2019-12-06 05:25:09
1575609910,23792,2687140,112.9430060524546,2019-12-06 05:25:10
1575609911,23978,2680418,111.78655434147969,2019-12-06 05:25:11
1575609912,23411,2615887,111.73751655204818,2019-12-06 05:25:12
1575609913,25300,2735636,108.12790513833993,2019-12-06 05:25:13
1575609914,24344,2775524,114.01265198816957,2019-12-06 05:25:14
1575609915,24763,2836135,114.53115535274401,2019-12-06 05:25:15
1575609916,23970,2712532,113.16362119315811,2019-12-06 05:25:16
1575609917,24162,2754392,113.99685456501945,2019-12-06 05:25:17
1575609918,25173,2775263,110.2476065625869,2019-12-06 05:25:18
1575609919,23526,2656952,112.93683584119697,2019-12-06 05:25:19
1575609920,24064,2686178,111.62641289893617,2019-12-06 05:25:20
1575609921,24675,2831397,114.74759878419452,2019-12-06 05:25:21
1575609922,24438,2782294,113.8511334806449,2019-12-06 05:25:22
1575609923,25718,2783666,108.23804339373201,2019-12-06 05:25:23
1575609924,24678,2794228,113.22749007212902,2019-12-06 05:25:24
1575609925,24092,2766405,114.8267059604848,2019-12-06 05:25:25
1575609926,23673,2642723,111.63447809741055,2019-12-06 05:25:26
1575609927,24127,2689422,111.46939113855846,2019-12-06 05:25:27
1575609928,25945,2928874,112.88780111774908,2019-12-06 05:25:28
1575609929,23791,2695791,113.31137825228028,2019-12-06 05:25:29
1575609930,23724,2645468,111.5102006407014,2019-12-06 05:25:30
1575609931,23538,2643922,112.32568612456454,2019-12-06 05:25:31
1575609932,23646,2730542,115.47585215258394,2019-12-06 05:25:32
1575609933,25177,2789858,110.80978671009254,2019-12-06 05:25:33
1575609934,23639,2686900,113.66386056939803,2019-12-06 05:25:34
1575609935,24356,2810276,115.38331417309904,2019-12-06 05:25:35
1575609936,24023,2752870,114.59309828081422,2019-12-06 05:25:36
1575609937,23868,2713108,113.67135914194738,2019-12-06 05:25:37
1575609938,25228,2707928,107.33819565562074,2019-12-06 05:25:38
1575609939,24404,2789932,114.32273397803638,2019-12-06 05:25:39
1575609940,24342,2777260,114.09333661983403,2019-12-06 05:25:40
1575609941,24093,2729658,113.29672518988917,2019-12-06 05:25:41
1575609942,24775,2839746,114.62143289606458,2019-12-06 05:25:42
1575609943,25710,2827930,109.99338778685336,2019-12-06 05:25:43
1575609944,23792,2643126,111.09305648957633,2019-12-06 05:25:44
1575609945,23766,2643042,111.21105781368341,2019-12-06 05:25:45
1575609946,23710,2687698,113.35714888232813,2019-12-06 05:25:46
1575609947,24392,2796278,114.63914398163332,2019-12-06 05:25:47
1575609948,25758,2855234,110.84843543753396,2019-12-06 05:25:48
1575609949,24336,2806006,115.30267915844838,2019-12-06 05:25:49
1575609950,23934,2690500,112.41330325060584,2019-12-06 05:25:50
1575609951,23160,2584690,111.60146804835924,2019-12-06 05:25:51
1575609952,23170,2592912,111.90815709969789,2019-12-06 05:25:52
1575609953,25324,2760634,109.01255725793713,2019-12-06 05:25:53
1575609954,24391,3151522,129.20839653970728,2019-12-06 05:25:54
1575609955,24913,2924934,117.40593264560671,2019-12-06 05:25:55
1575609956,23818,2705428,113.58753883617432,2019-12-06 05:25:56
1575609957,23731,2631102,110.87193965698874,2019-12-06 05:25:57
1575609958,25493,2794342,109.61212881967599,2019-12-06 05:25:58
1575609959,23778,2988127,125.66771805870974,2019-12-06 05:25:59
1575609960,24172,2707482,112.00901869932153,2019-12-06 05:26:00
1575609961,24040,3102402,129.0516638935108,2019-12-06 05:26:01
1575609962,23687,2778992,117.32139992400894,2019-12-06 05:26:02
1575609963,24867,2725114,109.58756585032373,2019-12-06 05:26:03
1575609964,23243,2615752,112.53934517919373,2019-12-06 05:26:04
1575609965,23731,2650233,111.67810037503688,2019-12-06 05:26:05
1575609966,23756,2645379,111.35624684290285,2019-12-06 05:26:06
1575609967,23988,2717240,113.2749708187427,2019-12-06 05:26:07
1575609968,25650,2833970,110.48615984405458,2019-12-06 05:26:08
1575609969,24042,2741793,114.04180184676815,2019-12-06 05:26:09
1575609970,24355,2806325,115.225826319031,2019-12-06 05:26:10
1575609971,24518,2746178,112.00660739048863,2019-12-06 05:26:11
1575609972,23568,2619178,111.13280719619823,2019-12-06 05:26:12
1575609973,25608,2809242,109.70173383317713,2019-12-06 05:26:13
1575609974,23880,2669888,111.80435510887771,2019-12-06 05:26:14
1575609975,24262,2733152,112.65155387024977,2019-12-06 05:26:15
1575609976,24416,2821002,115.53907273918742,2019-12-06 05:26:16
1575609977,24496,2866242,117.00857282821686,2019-12-06 05:26:17
1575609978,25746,2850686,110.72345218674745,2019-12-06 05:26:18
1575609979,24027,2663598,110.85853414908229,2019-12-06 05:26:19
1575609980,24088,2703488,112.23380936565925,2019-12-06 05:26:20
1575609981,23828,2665596,111.8682222595266,2019-12-06 05:26:21
1575609982,23969,2720522,113.50168968250657,2019-12-06 05:26:22
1575609983,26201,2953016,112.7062325865425,2019-12-06 05:26:23
1575609984,24590,2869528,116.69491663277755,2019-12-06 05:26:24
1575609985,24314,2719512,111.84963395574566,2019-12-06 05:26:25
1575609986,23710,2626478,110.77511598481654,2019-12-06 05:26:26
1575609987,24366,2750842,112.89674136091274,2019-12-06 05:26:27
1575609988,25368,2735250,107.8228476821192,2019-12-06 05:26:28
1575609989,23991,2711133,113.00625234462923,2019-12-06 05:26:29
1575609990,24174,2770738,114.616447422851,2019-12-06 05:26:30
1575609991,24650,2901778,117.71918864097363,2019-12-06 05:26:31
1575609992,23830,2681824,112.53982375157365,2019-12-06 05:26:32
1575609993,26180,2890068,110.3922077922078,2019-12-06 05:26:33
1575609994,24248,2767626,114.13832068624217,2019-12-06 05:26:34
1575609995,24367,2753372,112.99593712808306,2019-12-06 05:26:35
1575609996,24204,2727020,112.66815402412824,2019-12-06 05:26:36
1575609997,24724,2911854,117.77438925740171,2019-12-06 05:26:37
1575609998,26022,2923486,112.34670663284913,2019-12-06 05:26:38
1575609999,24294,2749624,113.18119700337532,2019-12-06 05:26:39
1575610000,23908,2662468,111.3630583904969,2019-12-06 05:26:40
1575610001,24262,2729248,112.49064380512736,2019-12-06 05:26:41
1575610002,24080,2727738,113.2781561461794,2019-12-06 05:26:42
1575610003,25691,2834964,110.34852672141996,2019-12-06 05:26:43
1575610004,24111,2687334,111.45676247355979,2019-12-06 05:26:44
1575610005,24602,2841782,115.51020242256727,2019-12-06 05:26:45
1575610006,24114,2706092,112.22078460645268,2019-12-06 05:26:46
1575610007,23834,2654400,111.37031131996308,2019-12-06 05:26:47
1575610008,25664,2828202,110.20113778054863,2019-12-06 05:26:48
1575610009,24358,2786052,114.37934148944905,2019-12-06 05:26:49
1575610010,23832,2669030,111.99353810003358,2019-12-06 05:26:50
1575610011,24538,2750194,112.07897954193496,2019-12-06 05:26:51
1575610012,24224,2771232,114.4002642007926,2019-12-06 05:26:52
1575610013,25521,2815990,110.34011206457427,2019-12-06 05:26:53
1575610014,24337,2766494,113.6744052266097,2019-12-06 05:26:54
1575610015,24450,2815092,115.13668711656442,2019-12-06 05:26:55
1575610016,24326,2723860,111.97319740195675,2019-12-06 05:26:56
1575610017,23988,2664696,111.08454227113556,2019-12-06 05:26:57
1575610018,25187,2733104,108.51248660023028,2019-12-06 05:26:58
1575610019,24087,2809819,116.65292481421514,2019-12-06 05:26:59
1575610020,24087,2742230,113.8468883630174,2019-12-06 05:27:00
1575610021,23671,2688286,113.56875501668709,2019-12-06 05:27:01
1575610022,23991,2743856,114.37022216664583,2019-12-06 05:27:02
1575610023,25576,2802242,109.56529558961526,2019-12-06 05:27:03
1575610024,23930,2958046,123.61245298788133,2019-12-06 05:27:04
1575610025,24091,2710020,112.49097173218215,2019-12-06 05:27:05
1575610026,24429,2808906,114.98243890458062,2019-12-06 05:27:06
1575610027,24865,2841554,114.27926804745627,2019-12-06 05:27:07
1575610028,25796,2840632,110.11908823073345,2019-12-06 05:27:08
1575610029,24239,3050754,125.86138041998433,2019-12-06 05:27:09
1575610030,24414,2790154,114.28500040960105,2019-12-06 05:27:10
1575610031,23833,2979664,125.02261570091889,2019-12-06 05:27:11
1575610032,24241,2740958,113.0711604306753,2019-12-06 05:27:12
1575610033,25831,2910784,112.68568773953777,2019-12-06 05:27:13
1575610034,24368,2727800,111.94189100459619,2019-12-06 05:27:14
1575610035,23982,2711626,113.06921858060211,2019-12-06 05:27:15
1575610036,24102,2762802,114.62957430918595,2019-12-06 05:27:16
1575610037,24041,2735800,113.79726300902625,2019-12-06 05:27:17
1575610038,25286,2724162,107.73400300561576,2019-12-06 05:27:18
1575610039,24045,2671146,111.0894572676232,2019-12-06 05:27:19
1575610040,24088,2773982,115.16032879442047,2019-12-06 05:27:20
1575610041,24311,2779558,114.33334704454774,2019-12-06 05:27:21
1575610042,24063,2741134,113.91489008020612,2019-12-06 05:27:22
1575610043,25818,2865294,110.98047873576574,2019-12-06 05:27:23
1575610044,23896,2676688,112.0140609306997,2019-12-06 05:27:24
1575610045,23764,2651318,111.56867530718735,2019-12-06 05:27:25
1575610046,24255,2705912,111.5609977324263,2019-12-06 05:27:26
1575610047,24263,2709167,111.65836870955776,2019-12-06 05:27:27
1575610048,26121,2920325,111.79989280655411,2019-12-06 05:27:28
1575610049,24602,2864506,116.43386716527111,2019-12-06 05:27:29
1575610050,24128,2731644,113.21468832891247,2019-12-06 05:27:30
1575610051,23679,2626135,110.90565479961147,2019-12-06 05:27:31
1575610052,24020,2699910,112.40258118234804,2019-12-06 05:27:32
1575610053,25556,2784254,108.94717483174206,2019-12-06 05:27:33
1575610054,24274,2709652,111.62774985581281,2019-12-06 05:27:34
1575610055,24113,2709359,112.36092564177,2019-12-06 05:27:35
1575610056,24978,2951924,118.18095924413484,2019-12-06 05:27:36
1575610057,24278,2764446,113.866298706648,2019-12-06 05:27:37
1575610058,25466,2786720,109.42904264509542,2019-12-06 05:27:38
1575610059,24068,2727924,113.34236330397208,2019-12-06 05:27:39
1575610060,24080,2704892,112.32940199335548,2019-12-06 05:27:40
1575610061,24142,2728400,113.01466324248199,2019-12-06 05:27:41
1575610062,24352,2761340,113.39273981603154,2019-12-06 05:27:42
1575610063,26351,2989407,113.44567568593223,2019-12-06 05:27:43
1575610064,24412,2838292,116.26626249385548,2019-12-06 05:27:44
1575610065,24324,2721866,111.90042756125638,2019-12-06 05:27:45
1575610066,23882,2667472,111.69382798760573,2019-12-06 05:27:46
1575610067,23956,2696216,112.54867256637168,2019-12-06 05:27:47
1575610068,25194,2737790,108.66833373025324,2019-12-06 05:27:48
1575610069,24112,2736260,113.48125414731254,2019-12-06 05:27:49
1575610070,24717,2868500,116.05372820326092,2019-12-06 05:27:50
1575610071,24319,2835064,116.57814877256466,2019-12-06 05:27:51
1575610072,24186,2773392,114.6693128256016,2019-12-06 05:27:52
1575610073,25688,2794874,108.80076300218,2019-12-06 05:27:53
1575610074,23830,2647352,111.09324381032312,2019-12-06 05:27:54
1575610075,24044,2676658,111.32332390617202,2019-12-06 05:27:55
1575610076,23972,2719744,113.45503086934757,2019-12-06 05:27:56
1575610077,24322,2774954,114.09234437957404,2019-12-06 05:27:57
1575610078,26164,2881472,110.13117260357744,2019-12-06 05:27:58
1575610079,24422,2839054,116.24985668659406,2019-12-06 05:27:59
1575610080,23820,2679152,112.47489504617968,2019-12-06 05:28:00
1575610081,24060,2680334,111.40207813798837,2019-12-06 05:28:01
1575610082,24230,2711418,111.90334296326867,2019-12-06 05:28:02
1575610083,26152,2885486,110.33519424900581,2019-12-06 05:28:03
1575610084,24278,2807576,115.64280418485872,2019-12-06 05:28:04
1575610085,23930,2659558,111.1390722941914,2019-12-06 05:28:05
1575610086,24218,2747780,113.46023618795937,2019-12-06 05:28:06
1575610087,24130,2752024,114.04989639452963,2019-12-06 05:28:07
1575610088,25732,2799342,108.78835690968444,2019-12-06 05:28:08
1575610089,24214,2727870,112.656727513009,2019-12-06 05:28:09
1575610090,24194,2744014,113.41712821360667,2019-12-06 05:28:10
1575610091,24341,2765056,113.59664763156813,2019-12-06 05:28:11
1575610092,23688,2629146,110.99062816616008,2019-12-06 05:28:12
1575610093,25479,2833408,111.20562031476902,2019-12-06 05:28:13
1575610094,24416,3107122,127.25761795543906,2019-12-06 05:28:14
1575610095,24175,2680620,110.88397104446743,2019-12-06 05:28:15
1575610096,24067,2706266,112.4471683217684,2019-12-06 05:28:16
1575610097,24208,2746220,113.44266358228684,2019-12-06 05:28:17
1575610098,26010,2868358,110.27904652056901,2019-12-06 05:28:18
1575610099,24475,3079764,125.83305413687437,2019-12-06 05:28:19
1575610100,24456,2751878,112.52363428197579,2019-12-06 05:28:20
1575610101,24504,3140406,128.15891283055828,2019-12-06 05:28:21
1575610102,23836,2690906,112.89251552273872,2019-12-06 05:28:22
1575610103,25918,2834194,109.35234200169766,2019-12-06 05:28:23
1575610104,24292,2780468,114.46023382183435,2019-12-06 05:28:24
1575610105,24311,2762168,113.61803298918186,2019-12-06 05:28:25
1575610106,23961,2644404,110.36283961437336,2019-12-06 05:28:26
1575610107,23646,2624968,111.01108009811385,2019-12-06 05:28:27
1575610108,25366,2767638,109.1081762989829,2019-12-06 05:28:28
1575610109,24983,2912919,116.59604531081135,2019-12-06 05:28:29
1575610110,24132,2748814,113.90742582463119,2019-12-06 05:28:30
1575610111,24489,2811743,114.81657070521459,2019-12-06 05:28:31
1575610112,23983,2698296,112.50869365800776,2019-12-06 05:28:32
1575610113,25349,2751452,108.54282220205926,2019-12-06 05:28:33
1575610114,23682,2622410,110.73431298032261,2019-12-06 05:28:34
1575610115,24506,2758454,112.5623928833755,2019-12-06 05:28:35
1575610116,24297,2764938,113.79750586492159,2019-12-06 05:28:36
1575610117,24489,2804670,114.52774715178244,2019-12-06 05:28:37
1575610118,26290,2944640,112.00608596424496,2019-12-06 05:28:38
1575610119,23753,2675380,112.63335157664295,2019-12-06 05:28:39
1575610120,23771,2633192,110.77329519162004,2019-12-06 05:28:40
1575610121,24190,2709150,111.99462587846217,2019-12-06 05:28:41
1575610122,23874,2677994,112.17198626120465,2019-12-06 05:28:42
1575610123,26496,2922198,110.28826992753623,2019-12-06 05:28:43
1575610124,24304,2804358,115.386685319289,2019-12-06 05:28:44
1575610125,24157,2792315,115.59030508755227,2019-12-06 05:28:45
1575610126,24097,2713605,112.61173590073453,2019-12-06 05:28:46
1575610127,24190,2673606,110.52525837122778,2019-12-06 05:28:47
1575610128,25492,2759384,108.24509650086301,2019-12-06 05:28:48
1575610129,23402,2602098,111.191265703786,2019-12-06 05:28:49
1575610130,24241,2748390,113.37774844272101,2019-12-06 05:28:50
1575610131,25047,2885166,115.1900826446281,2019-12-06 05:28:51
1575610132,24438,2835952,116.04681234143547,2019-12-06 05:28:52
1575610133,25976,2814126,108.33561749307053,2019-12-06 05:28:53
1575610134,23476,2591774,110.40100528199012,2019-12-06 05:28:54
1575610135,23581,2624716,111.30639073830626,2019-12-06 05:28:55
1575610136,24085,2696606,111.96205106913017,2019-12-06 05:28:56
1575610137,23911,2671812,111.73986867968718,2019-12-06 05:28:57
1575610138,25280,2852033,112.81776107594936,2019-12-06 05:28:58
1575610139,25466,2963786,116.38207806487081,2019-12-06 05:28:59
1575610140,24353,2787030,114.44298443723567,2019-12-06 05:29:00
1575610141,23897,2654550,111.08298112733816,2019-12-06 05:29:01
1575610142,24342,2758528,113.32380248130802,2019-12-06 05:29:02
1575610143,23672,2671078,112.83702264278473,2019-12-06 05:29:03
1575610144,25452,2742860,107.76599088480276,2019-12-06 05:29:04
1575610145,24402,2797340,114.63568559954102,2019-12-06 05:29:05
1575610146,24980,2896648,115.95868694955965,2019-12-06 05:29:06
1575610147,25014,2933176,117.26137363076677,2019-12-06 05:29:07
1575610148,23930,2712450,113.34935227747597,2019-12-06 05:29:08
1575610149,25390,2737148,107.80417487199685,2019-12-06 05:29:09
1575610150,24004,2705034,112.69096817197133,2019-12-06 05:29:10
1575610151,24138,2687332,111.33200762283536,2019-12-06 05:29:11
1575610152,24122,2728584,113.11599369869829,2019-12-06 05:29:12
1575610153,24308,2769164,113.9198617739016,2019-12-06 05:29:13
1575610154,26055,2869422,110.12941853770869,2019-12-06 05:29:14
1575610155,24435,2770530,113.38367096378146,2019-12-06 05:29:15
1575610156,24246,2769498,114.2249443207127,2019-12-06 05:29:16
1575610157,24274,2737416,112.77152508857213,2019-12-06 05:29:17
1575610158,23728,2649162,111.64708361429534,2019-12-06 05:29:18
1575610159,25700,2786428,108.42132295719844,2019-12-06 05:29:19
1575610160,23799,2660788,111.80251271061809,2019-12-06 05:29:20
1575610161,24835,2858148,115.08548419569156,2019-12-06 05:29:21
1575610162,24414,2758344,112.98205947407226,2019-12-06 05:29:22
1575610163,24743,2894996,117.00262700561775,2019-12-06 05:29:23
1575610164,25748,3151916,122.4140127388535,2019-12-06 05:29:24
1575610165,24098,2674456,110.9824881732924,2019-12-06 05:29:25
1575610166,24002,2668330,111.17115240396633,2019-12-06 05:29:26
1575610167,23675,2678834,113.15032734952482,2019-12-06 05:29:27
1575610168,23950,2662370,111.16367432150314,2019-12-06 05:29:28
1575610169,26638,3323745,124.77457016292514,2019-12-06 05:29:29
1575610170,23802,2690052,113.01789765565918,2019-12-06 05:29:30
1575610171,24796,3170332,127.85658977254396,2019-12-06 05:29:31
1575610172,24064,2688512,111.72340425531915,2019-12-06 05:29:32
1575610173,23716,2634770,111.0967279473773,2019-12-06 05:29:33
1575610174,25724,2788848,108.41424350800808,2019-12-06 05:29:34
1575610175,24347,2794674,114.78514806752372,2019-12-06 05:29:35
1575610176,24071,2763130,114.79082713638819,2019-12-06 05:29:36
1575610177,24269,2755772,113.55111459063002,2019-12-06 05:29:37
1575610178,24383,2730128,111.96850264528565,2019-12-06 05:29:38
1575610179,26276,2922354,111.21761303090273,2019-12-06 05:29:39
1575610180,23742,2652390,111.7172100075815,2019-12-06 05:29:40
1575610181,23694,2647888,111.753524098928,2019-12-06 05:29:41
1575610182,24340,2777698,114.12070665571076,2019-12-06 05:29:42
1575610183,24000,2749158,114.54825,2019-12-06 05:29:43
1575610184,25408,2761138,108.67199307304786,2019-12-06 05:29:44
1575610185,23544,2636100,111.96483180428135,2019-12-06 05:29:45
1575610186,24676,2882122,116.79858972280759,2019-12-06 05:29:46
1575610187,24270,2753968,113.47210548001648,2019-12-06 05:29:47
1575610188,24044,2725228,113.3433704874397,2019-12-06 05:29:48
1575610189,26314,2933082,111.46469559930075,2019-12-06 05:29:49
1575610190,24004,2711046,112.94142642892851,2019-12-06 05:29:50
1575610191,23882,2635764,110.36613348965749,2019-12-06 05:29:51
1575610192,23508,2626360,111.72196698996086,2019-12-06 05:29:52
1575610193,24698,2847528,115.29386994898373,2019-12-06 05:29:53
1575610194,25282,2785364,110.17182184953722,2019-12-06 05:29:54
1575610195,24114,2743312,113.76428630670979,2019-12-06 05:29:55
1575610196,23674,2732828,115.43583678296866,2019-12-06 05:29:56
1575610197,23224,2642716,113.79245607991733,2019-12-06 05:29:57
1575610198,23366,2605562,111.51082769836515,2019-12-06 05:29:58
1575610199,25503,2781965,109.08383327451672,2019-12-06 05:29:59
1575610200,10308,1277314,123.91482343810632,2019-12-06 05:30:00
